Id,NodeClass,Seq
"TRS_NEW_001","Technical",1
"TRS_NEW_002","Technical",2
"TRS_NEW_003","Technical",3
"TRS_NEW_004","Technical",4
"TRS_NEW_005","Technical",5
"TRS_NEW_006","Technical",6
"TRS_NEW_007","Technical",7
"TRS_NEW_010","Technical",8
"TRS_NEW_011","Technical",9
"TRS_NEW_036","Technical",10
"TRS_NEW_012","Technical",11
"TRS_NEW_013","Technical",12
"TRS_NEW_014","Technical",13
"TRS_NEW_015","Technical",14
"TRS_NEW_016","Technical",15
"TRS_NEW_017","Technical",16
"TRS_NEW_018","Technical",17
"TRS_NEW_020","Technical",18
"TRS_NEW_021","Technical",19
"TRS_NEW_022","Technical",20
"TRS_NEW_023","Technical",21
"TRS_NEW_024","Technical",22
"TRS_NEW_025","Technical",23
"TRS_NEW_026","Technical",24
"TRS_NEW_027","Technical",25
"TRS_NEW_028","Technical",26
"TRS_NEW_029","Technical",27
"TRS_NEW_030","Technical",28
"TRS_NEW_031","Technical",29
"TRS_NEW_032","Technical",30
"TRS_NEW_033","Technical",31
"TRS_NEW_034","Technical",32
"TRS_NEW_035","Technical",33
"TRS-103","Technical",34
"TRS-106","Technical",35
"TRS-107","Technical",36
"TRS-108","Technical",37
"TRS-109","Technical",38
"TRS-113","Technical",39
"TRS-123","Technical",43
"TRS-124","Technical",44
"TRS-126","Technical",46
"TRS-127","Technical",47
"TRS-131","Technical",48
"TRS-132","Technical",49
"TRS-134","Technical",50
"TRS-137","Technical",51
"TRS-138","Technical",52
"TRS-140","Technical",53
"TRS-141","Technical",54
"TRS-142","Technical",55
"TRS-143","Technical",56
"TRS-144","Technical",57
"TRS-145","Technical",58
"TRS-148","Technical",59
"TRS-149","Technical",60
"TRS-150","Technical",61
"TRS-151","Technical",62
"TRS-152","Technical",63
"TRS-153","Technical",64
"TRS-154","Technical",65
"TRS-156","Technical",66
"TRS-158","Technical",67
"TRS-159","Technical",68
"TRS-160","Technical",69
"TRS-161","Technical",70
"TRS-162","Technical",71
"TRS-1638","Technical",72
"TRS-1639","Technical",73
"TRS-1640","Technical",74
"TRS-1641","Technical",75
"TRS-1642","Technical",76
"TRS-1643","Technical",77
"TRS-1644","Technical",78
"TRS-1645","Technical",79
"TRS-1646","Technical",80
"TRS-1647","Technical",81
"TRS-1648","Technical",82
"TRS-1649","Technical",83
"TRS-1650","Technical",84
"TRS-1651","Technical",85
"TRS-1652","Technical",86
"TRS-1653","Technical",87
"TRS-1654","Technical",88
"TRS-1655","Technical",89
"TRS-1656","Technical",90
"TRS-1657","Technical",91
"TRS-1658","Technical",92
"TRS-1659","Technical",93
"TRS-1660","Technical",94
"TRS-1661","Technical",95
"TRS-1662","Technical",96
"TRS-1663","Technical",97
"TRS-1664","Technical",98
"TRS-1665","Technical",99
"TRS-1666","Technical",100
"TRS-1667","Technical",101
"TRS-1668","Technical",102
"TRS-1669","Technical",103
"TRS-167","Technical",104
"TRS-1670","Technical",105
"TRS-1671","Technical",106
"TRS-1672","Technical",107
"TRS-1673","Technical",108
"TRS-1674","Technical",109
"TRS-1675","Technical",110
"TRS-1676","Technical",111
"TRS-1677","Technical",112
"TRS-1680","Technical",113
"TRS-1681","Technical",114
"TRS-1682","Technical",115
"TRS-1683","Technical",116
"TRS-1685","Technical",117
"TRS-1686","Technical",118
"TRS-1687","Technical",119
"TRS-1688","Technical",120
"TRS-1689","Technical",121
"TRS-1690","Technical",122
"TRS-1691","Technical",123
"TRS-1692","Technical",124
"TRS-1693","Technical",125
"TRS-1694","Technical",126
"TRS-1697","Technical",127
"TRS-1698","Technical",128
"TRS-1699","Technical",129
"TRS-1700","Technical",130
"TRS-1701","Technical",131
"TRS-1702","Technical",132
"TRS-1703","Technical",133
"TRS-1704","Technical",134
"TRS-1705","Technical",135
"TRS-1706","Technical",136
"TRS-1707","Technical",137
"TRS-1708","Technical",138
"TRS-1709","Technical",139
"TRS-171","Technical",140
"TRS-1710","Technical",141
"TRS-1711","Technical",142
"TRS-1712","Technical",143
"TRS-1713","Technical",144
"TRS-1714","Technical",145
"TRS-1715","Technical",146
"TRS-1716","Technical",147
"TRS-1717","Technical",148
"TRS-1718","Technical",149
"TRS-1719","Technical",150
"TRS-1720","Technical",151
"TRS-1721","Technical",152
"TRS-1722","Technical",153
"TRS-1723","Technical",154
"TRS-1724","Technical",155
"TRS-1725","Technical",156
"TRS-1728","Technical",157
"TRS-1729","Technical",158
"TRS-173","Technical",159
"TRS-1730","Technical",160
"TRS-1731","Technical",161
"TRS-1732","Technical",162
"TRS-1733","Technical",163
"TRS-1734","Technical",164
"TRS-1735","Technical",165
"TRS-1736","Technical",166
"TRS-1737","Technical",167
"TRS-1738","Technical",168
"TRS-1739","Technical",169
"TRS-174","Technical",170
"TRS-1740","Technical",171
"TRS-1741","Technical",172
"TRS-1742","Technical",173
"TRS-1743","Technical",174
"TRS-1745","Technical",175
"TRS-1746","Technical",176
"TRS-1747","Technical",177
"TRS-1749","Technical",178
"TRS-1750","Technical",179
"TRS-1751","Technical",180
"TRS-1752","Technical",181
"TRS-1753","Technical",182
"TRS-1754","Technical",183
"TRS-1755","Technical",184
"TRS-1756","Technical",185
"TRS-1757","Technical",186
"TRS-1758","Technical",187
"TRS-1764","Technical",188
"TRS-1765","Technical",189
"TRS-1766","Technical",190
"TRS-1767","Technical",191
"TRS-1769","Technical",192
"TRS-1770","Technical",193
"TRS-1771","Technical",194
"TRS-1772","Technical",195
"TRS-1773","Technical",196
"TRS-1774","Technical",197
"TRS-1775","Technical",198
"TRS-1784","Technical",199
"TRS-1785","Technical",200
"TRS-1786","Technical",201
"TRS-1788","Technical",202
"TRS-1789","Technical",203
"TRS-1792","Technical",204
"TRS-1793","Technical",205
"TRS-1794","Technical",206
"TRS-1795","Technical",207
"TRS-1796","Technical",208
"TRS-1797","Technical",209
"TRS-1799","Technical",210
"TRS-1800","Technical",211
"TRS-1801","Technical",212
"TRS-1802","Technical",213
"TRS-1810","Technical",215
"TRS-1811","Technical",216
"TRS-1812","Technical",217
"TRS-1813","Technical",218
"TRS-1814","Technical",219
"TRS-1817","Technical",220
"TRS-1818","Technical",221
"TRS-1819","Technical",222
"TRS-1820","Technical",223
"TRS-1826","Technical",224
"TRS-1827","Technical",225
"TRS-1828","Technical",226
"TRS-1830","Technical",227
"TRS-1831","Technical",228
"TRS-1832","Technical",229
"TRS-1834","Technical",230
"TRS-1836","Technical",231
"TRS-1837","Technical",232
"TRS-1838","Technical",233
"TRS-1840","Technical",234
"TRS-1843","Technical",235
"TRS-1845","Technical",236
"TRS-1846","Technical",237
"TRS-1847","Technical",238
"TRS-1848","Technical",239
"TRS-1849","Technical",240
"TRS-1850","Technical",241
"TRS-1857","Technical",247
"TRS-1860","Technical",249
"TRS-1863","Technical",252
"TRS-1875","Technical",253
"TRS-1879","Technical",254
"TRS-1880","Technical",255
"TRS-1881","Technical",256
"TRS-1892","Technical",257
"TRS-1893","Technical",258
"TRS-1894","Technical",259
"TRS-1896","Technical",260
"TRS-1898","Technical",261
"TRS-1902","Technical",262
"TRS-1904","Technical",263
"TRS-1908","Technical",264
"TRS-1909","Technical",265
"TRS-1910","Technical",266
"TRS-1911","Technical",267
"TRS-1912","Technical",268
"TRS-1913","Technical",269
"TRS-1915","Technical",270
"TRS-1916","Technical",271
"TRS-1917","Technical",272
"TRS-1919","Technical",273
"TRS-192","Technical",274
"TRS-1920","Technical",275
"TRS-1921","Technical",276
"TRS-193","Technical",277
"TRS-1931","Technical",278
"TRS-1934","Technical",279
"TRS-1937","Technical",280
"TRS-1938","Technical",281
"TRS-1939","Technical",282
"TRS-196","Technical",283
"TRS-1969","Technical",284
"TRS-197","Technical",285
"TRS-1970","Technical",286
"TRS-1971","Technical",287
"TRS-1972","Technical",288
"TRS-1973","Technical",289
"TRS-1974","Technical",290
"TRS-1975","Technical",291
"TRS-1976","Technical",292
"TRS-1977","Technical",293
"TRS-1978","Technical",294
"TRS-1979","Technical",295
"TRS-198","Technical",296
"TRS-1980","Technical",297
"TRS-1984","Technical",298
"TRS-1985","Technical",299
"TRS-1986","Technical",300
"TRS-1987","Technical",301
"TRS-200","Technical",302
"TRS-2001","Technical",303
"TRS-201","Technical",304
"TRS-202","Technical",305
"TRS-2023","Technical",306
"TRS-203","Technical",307
"TRS-204","Technical",308
"TRS-205","Technical",309
"TRS-206","Technical",310
"TRS-207","Technical",311
"TRS-208","Technical",312
"TRS-2086","Technical",313
"TRS-209","Technical",314
"TRS-210","Technical",315
"TRS-213","Technical",316
"TRS-216","Technical",318
"TRS-217","Technical",319
"TRS-218","Technical",320
"TRS-219","Technical",321
"TRS-220","Technical",322
"TRS-221","Technical",323
"TRS-222","Technical",324
"TRS-223","Technical",325
"TRS-226","Technical",328
"TRS-227","Technical",329
"TRS-228","Technical",330
"TRS-229","Technical",331
"TRS-230","Technical",332
"TRS-231","Technical",333
"TRS-232","Technical",334
"TRS-233","Technical",335
"TRS-242","Technical",336
"TRS-243","Technical",337
"TRS-244","Technical",338
"TRS-254","Technical",339
"TRS-255","Technical",340
"TRS-256","Technical",341
"TRS-257","Technical",342
"TRS-258","Technical",343
"TRS-259","Technical",344
"TRS-260","Technical",345
"TRS-263","Technical",346
"TRS-264","Technical",347
"TRS-268","Technical",349
"TRS-333","Technical",350
"TRS-334","Technical",351
"TRS-335","Technical",352
"TRS-336","Technical",353
"TRS-337","Technical",354
"TRS-338","Technical",355
"TRS-339","Technical",356
"TRS-340","Technical",357
"TRS-341","Technical",358
"TRS-342","Technical",359
"TRS-343","Technical",360
"TRS-344","Technical",361
"TRS-345","Technical",362
"TRS-346","Technical",363
"TRS-347","Technical",364
"TRS-348","Technical",365
"TRS-349","Technical",366
"TRS-350","Technical",367
"TRS-351","Technical",368
"TRS-352","Technical",369
"TRS-353","Technical",370
"TRS-354","Technical",371
"TRS-356","Technical",372
"TRS-357","Technical",373
"TRS-358","Technical",374
"TRS-359","Technical",375
"TRS-360","Technical",376
"TRS-362","Technical",377
"TRS-364","Technical",378
"TRS-367","Technical",379
"TRS-368","Technical",380
"TRS-370","Technical",381
"TRS-371","Technical",382
"TRS-372","Technical",383
"TRS-373","Technical",384
"TRS-374","Technical",385
"TRS-375","Technical",386
"TRS-376","Technical",387
"TRS-377","Technical",388
"TRS-378","Technical",389
"TRS-379","Technical",390
"TRS-380","Technical",391
"TRS-381","Technical",392
"TRS-382","Technical",393
"TRS-383","Technical",394
"TRS-384","Technical",395
"TRS-385","Technical",396
"TRS-96","Technical",397
"TRS-98","Technical",398
