FromId,ToId
"PP-0",22
"TRS_NEW_001",22
"TRS_NEW_002",22
"TRS_NEW_003",22
"TRS_NEW_004",22
"TRS_NEW_005",22
"TRS_NEW_006",22
"TRS_NEW_007",22
"TRS_NEW_010",22
"TRS_NEW_011",22
"TRS_NEW_036",22
"TRS_NEW_035",22
"TRS-103",22
"TRS-106",22
"TRS-107",22
"TRS-108",22
"TRS-109",22
"TRS-113",22
"TRS-126",22
"TRS-127",22
"TRS-131",22
"TRS-132",22
"TRS-134",22
"TRS-137",22
"TRS-138",22
"TRS-140",22
"TRS-141",22
"TRS-142",22
"TRS-143",22
"TRS-144",22
"TRS-145",22
"TRS-148",22
"TRS-149",22
"TRS-150",22
"TRS-151",22
"TRS-152",22
"TRS-153",22
"TRS-154",22
"TRS-156",22
"TRS-158",22
"TRS-159",22
"TRS-160",22
"TRS-161",22
"TRS-162",22
"TRS-1667",22
"TRS-1668",22
"TRS-167",22
"TRS-171",22
"TRS-173",22
"TRS-174",22
"TRS-1741",22
"TRS-1742",22
"TRS-1745",22
"TRS-1746",22
"TRS-1747",22
"TRS-1749",22
"TRS-1750",22
"TRS-1751",22
"TRS-1752",22
"TRS-1753",22
"TRS-1754",22
"TRS-1755",22
"TRS-1756",22
"TRS-1757",22
"TRS-1758",22
"TRS-1764",22
"TRS-1765",22
"TRS-1766",22
"TRS-1767",22
"TRS-1769",22
"TRS-1770",22
"TRS-1771",22
"TRS-1773",22
"TRS-1774",22
"TRS-1775",22
"TRS-1784",22
"TRS-1785",22
"TRS-1786",22
"TRS-1788",22
"TRS-1792",22
"TRS-1793",22
"TRS-1794",22
"TRS-1795",22
"TRS-1800",22
"TRS-1801",22
"TRS-1810",22
"TRS-1811",22
"TRS-1812",22
"TRS-1813",22
"TRS-1814",22
"TRS-1819",22
"TRS-1820",22
"TRS-1826",22
"TRS-1827",22
"TRS-1828",22
"TRS-1830",22
"TRS-1831",22
"TRS-1836",22
"TRS-1837",22
"TRS-1838",22
"TRS-1840",22
"TRS-1843",22
"TRS-1845",22
"TRS-1847",22
"TRS-1848",22
"TRS-1849",22
"TRS-1863",22
"TRS-1879",22
"TRS-1880",22
"TRS-1881",22
"TRS-1893",22
"TRS-1896",22
"TRS-1898",22
"TRS-1908",22
"TRS-1909",22
"TRS-1912",22
"TRS-1913",22
"TRS-1915",22
"TRS-1919",22
"TRS-192",22
"TRS-193",22
"TRS-1934",22
"TRS-1937",22
"TRS-196",22
"TRS-197",22
"TRS-1970",22
"TRS-1971",22
"TRS-1972",22
"TRS-1973",22
"TRS-1974",22
"TRS-1975",22
"TRS-1976",22
"TRS-1977",22
"TRS-1978",22
"TRS-1979",22
"TRS-198",22
"TRS-1980",22
"TRS-1984",22
"TRS-1985",22
"TRS-1986",22
"TRS-1987",22
"TRS-200",22
"TRS-2001",22
"TRS-201",22
"TRS-202",22
"TRS-203",22
"TRS-204",22
"TRS-205",22
"TRS-206",22
"TRS-207",22
"TRS-208",22
"TRS-209",22
"TRS-210",22
"TRS-217",22
"TRS-218",22
"TRS-219",22
"TRS-220",22
"TRS-221",22
"TRS-222",22
"TRS-223",22
"TRS-226",22
"TRS-227",22
"TRS-228",22
"TRS-229",22
"TRS-230",22
"TRS-231",22
"TRS-232",22
"TRS-242",22
"TRS-243",22
"TRS-244",22
"TRS-254",22
"TRS-255",22
"TRS-258",22
"TRS-259",22
"TRS-260",22
"TRS-263",22
"TRS-268",22
"TRS-334",22
"TRS-337",22
"TRS-368",22
"TRS-385",22
"TRS-96",22
"BRS_NEW-001",16
"BRS_NEW-006",16
"BRS_NEW-007",16
"BRS_NEW-002",18
"BRS_NEW-003",17
"BRS_NEW-004",17
"BRS_NEW-005",17
"BRS_NEW-008",16
"BRS-28",17
"BRS-33",18
"BRS-34",17
"BRS-38",18
"BRS-39",17
"BRS-40",18
"BRS-41",18
"BRS-42",18
"BRS-43",18
"BRS-44",18
"BRS-45",18
"BRS-7",18
"BRS-1",18
"BRS-27",18
"BRS-3",20
"BRS-31",18
"BRS-36",17
"BRS-4",17
"BRS-46",20
"BRS-6",18
"BRS-35",18
"BRS-47",21
"BRS-12",17
"BRS-13",19
"BRS-14",19
"BRS-16",17
"BRS-2",18
"BRS-22",19
"BRS-29",17
"BRS-37",19
"BRS-15",17
"BRS-17",21
"BRS-1922",18
"BRS-1923",21
"BRS-1924",18
"BRS-32",21
"BRS-8",17
"BRS-11",17
"BRS-18",17
"BRS-20",17
"BRS-23",17
"BRS-25",17
"BRS-26",17
"BRS-9",17
"TRS_NEW_012",23
"TRS_NEW_013",23
"TRS_NEW_014",23
"TRS_NEW_015",23
"TRS_NEW_016",23
"TRS_NEW_017",23
"TRS_NEW_018",23
"TRS_NEW_020",23
"TRS_NEW_021",23
"TRS_NEW_022",23
"TRS_NEW_023",23
"TRS_NEW_024",24
"TRS_NEW_025",24
"TRS_NEW_026",24
"TRS_NEW_027",24
"TRS_NEW_028",24
"TRS_NEW_029",24
"TRS_NEW_030",24
"TRS_NEW_031",24
"TRS_NEW_032",24
"TRS_NEW_033",24
"TRS_NEW_034",24
"TRS-117",23
"TRS-119",23
"TRS-120",23
"TRS-123",25
"TRS-124",25
"TRS-125",23
"TRS-1638",24
"TRS-1639",26
"TRS-1640",26
"TRS-1641",26
"TRS-1642",26
"TRS-1643",27
"TRS-1644",27
"TRS-1645",27
"TRS-1646",27
"TRS-1647",27
"TRS-1648",27
"TRS-1649",27
"TRS-1650",27
"TRS-1651",27
"TRS-1652",24
"TRS-1653",28
"TRS-1654",28
"TRS-1655",28
"TRS-1656",28
"TRS-1657",28
"TRS-1658",24
"TRS-1659",29
"TRS-1660",26
"TRS-1661",26
"TRS-1662",26
"TRS-1663",26
"TRS-1664",28
"TRS-1665",29
"TRS-1666",29
"TRS-1669",30
"TRS-1670",30
"TRS-1671",30
"TRS-1672",30
"TRS-1673",30
"TRS-1674",30
"TRS-1675",30
"TRS-1676",30
"TRS-1677",30
"TRS-1680",30
"TRS-1681",30
"TRS-1682",30
"TRS-1683",30
"TRS-1685",30
"TRS-1686",30
"TRS-1687",30
"TRS-1688",30
"TRS-1689",30
"TRS-1690",30
"TRS-1691",30
"TRS-1692",30
"TRS-1693",30
"TRS-1694",30
"TRS-1697",31
"TRS-1698",31
"TRS-1699",31
"TRS-1700",31
"TRS-1701",31
"TRS-1702",31
"TRS-1703",31
"TRS-1704",31
"TRS-1705",31
"TRS-1706",31
"TRS-1707",31
"TRS-1708",31
"TRS-1709",31
"TRS-1710",31
"TRS-1711",31
"TRS-1712",32
"TRS-1713",31
"TRS-1714",31
"TRS-1715",33
"TRS-1716",33
"TRS-1717",33
"TRS-1718",33
"TRS-1719",33
"TRS-1720",33
"TRS-1721",33
"TRS-1722",33
"TRS-1723",33
"TRS-1724",31
"TRS-1725",31
"TRS-1728",31
"TRS-1729",31
"TRS-1730",34
"TRS-1731",34
"TRS-1732",34
"TRS-1733",34
"TRS-1734",34
"TRS-1735",34
"TRS-1736",34
"TRS-1737",34
"TRS-1738",34
"TRS-1739",34
"TRS-1740",34
"TRS-1743",30
"TRS-1772",23
"TRS-1789",32
"TRS-1796",32
"TRS-1797",32
"TRS-1799",32
"TRS-1802",24
"TRS-1803",23
"TRS-1817",32
"TRS-1818",32
"TRS-1832",32
"TRS-1834",32
"TRS-1846",24
"TRS-1850",25
"TRS-1851",35
"TRS-1852",35
"TRS-1854",36
"TRS-1855",35
"TRS-1856",36
"TRS-1857",25
"TRS-1858",35
"TRS-1860",25
"TRS-1861",35
"TRS-1862",36
"TRS-1875",23
"TRS-1892",23
"TRS-1894",23
"TRS-1902",23
"TRS-1904",32
"TRS-1910",23
"TRS-1911",23
"TRS-1916",23
"TRS-1917",24
"TRS-1920",32
"TRS-1921",32
"TRS-1931",23
"TRS-1938",24
"TRS-1939",24
"TRS-1969",30
"TRS-2023",23
"TRS-2086",32
"TRS-213",24
"TRS-215",23
"TRS-216",24
"TRS-224",37
"TRS-225",23
"TRS-233",34
"TRS-256",23
"TRS-257",23
"TRS-264",24
"TRS-265",23
"TRS-333",24
"TRS-335",24
"TRS-336",29
"TRS-338",24
"TRS-339",30
"TRS-340",30
"TRS-341",30
"TRS-342",30
"TRS-343",30
"TRS-344",30
"TRS-345",30
"TRS-346",30
"TRS-347",30
"TRS-348",28
"TRS-349",28
"TRS-350",28
"TRS-351",28
"TRS-352",29
"TRS-353",29
"TRS-354",24
"TRS-356",29
"TRS-357",26
"TRS-358",26
"TRS-359",26
"TRS-360",26
"TRS-362",24
"TRS-364",24
"TRS-367",27
"TRS-370",34
"TRS-371",34
"TRS-372",34
"TRS-373",34
"TRS-374",34
"TRS-375",34
"TRS-376",34
"TRS-377",34
"TRS-378",34
"TRS-379",34
"TRS-380",34
"TRS-381",34
"TRS-382",34
"TRS-383",34
"TRS-384",23
"TRS-98",24
