"labels","type","seq","obsolete","suspect","uid","displayID"
"Requirement|REQ","Purpose",0,False,False,,"0"
"Requirement|REQ","Stakeholder",0,False,False,,"301"
"Requirement|REQ","Stakeholder",1,False,False,,"302"
"Requirement|REQ","Stakeholder",2,False,False,,"303"
"Requirement|REQ","Stakeholder",3,False,False,,"308"
"Requirement|REQ","Stakeholder",4,False,False,,"305"
"Requirement|REQ","Stakeholder",5,False,False,,"339"
"Requirement|REQ","Stakeholder",6,False,False,,"345"
"Requirement|REQ","Stakeholder",7,False,False,,"309"
"Requirement|REQ","Stakeholder",8,False,False,,"311"
"Requirement|REQ","Stakeholder",9,False,False,,"313"
"Requirement|REQ","Stakeholder",10,False,False,,"306"
"Requirement|REQ","Stakeholder",11,False,False,,"307"
"Requirement|REQ","Stakeholder",12,False,False,,"346"
"Requirement|REQ","Stakeholder",13,False,False,,"347"
"Requirement|REQ","Stakeholder",14,False,False,,"348"
"Requirement|REQ","Stakeholder",15,False,False,,"349"
"Requirement|REQ","Stakeholder",16,False,False,,"350"
"Requirement|REQ","Stakeholder",17,False,False,,"351"
"Requirement|REQ","Stakeholder",18,False,False,,"352"
"Requirement|REQ","Stakeholder",19,False,False,,"325"
"Requirement|REQ","Stakeholder",20,False,False,,"326"
"Requirement|REQ","Stakeholder",21,False,False,,"331"
"Requirement|REQ","Stakeholder",22,False,False,,"334"
"Requirement|REQ","Stakeholder",23,False,False,,"337"
"Requirement|REQ","Stakeholder",24,False,False,,"341"
"Requirement|REQ","Stakeholder",25,False,False,,"343"
"Requirement|REQ","Stakeholder",26,False,False,,"329"
"Requirement|REQ","Stakeholder",27,False,False,,"304"
"Requirement|REQ","Stakeholder",28,False,False,,"310"
"Requirement|REQ","Stakeholder",29,False,False,,"312"
"Requirement|REQ","Stakeholder",30,False,False,,"314"
"Requirement|REQ","Stakeholder",31,False,False,,"315"
"Requirement|REQ","Stakeholder",32,False,False,,"316"
"Requirement|REQ","Stakeholder",33,False,False,,"317"
"Requirement|REQ","Stakeholder",34,False,False,,"318"
"Requirement|REQ","Stakeholder",35,False,False,,"319"
"Requirement|REQ","Stakeholder",36,False,False,,"320"
"Requirement|REQ","Stakeholder",37,False,False,,"321"
"Requirement|REQ","Stakeholder",38,False,False,,"322"
"Requirement|REQ","Stakeholder",39,False,False,,"324"
"Requirement|REQ","Stakeholder",40,False,False,,"328"
"Requirement|REQ","Stakeholder",41,False,False,,"335"
"Requirement|REQ","Stakeholder",42,False,False,,"332"
"Requirement|REQ","Stakeholder",43,False,False,,"333"
"Requirement|REQ","Stakeholder",44,False,False,,"336"
"Requirement|REQ","Stakeholder",45,False,False,,"338"
"Requirement|REQ","Stakeholder",46,False,False,,"323"
"Requirement|REQ","Stakeholder",47,False,False,,"327"
"Requirement|REQ","Stakeholder",48,False,False,,"340"
"Requirement|REQ","Stakeholder",49,False,False,,"342"
"Requirement|REQ","Stakeholder",50,False,False,,"344"
"Requirement|REQ","Stakeholder",51,False,False,,"330"
"Requirement|REQ","Technical",0,False,False,,"360"
"Requirement|REQ","Technical",1,False,False,,"361"
"Requirement|REQ","Technical",2,False,False,,"362"
"Requirement|REQ","Technical",3,False,False,,"586"
"Requirement|REQ","Technical",4,False,False,,"591"
"Requirement|REQ","Technical",5,False,False,,"593"
"Requirement|REQ","Technical",6,False,False,,"594"
"Requirement|REQ","Technical",7,False,False,,"595"
"Requirement|REQ","Technical",8,False,False,,"643"
"Requirement|REQ","Technical",9,False,False,,"644"
"Requirement|REQ","Technical",10,False,False,,"732"
"Requirement|REQ","Technical",11,False,False,,"353"
"Requirement|REQ","Technical",12,False,False,,"354"
"Requirement|REQ","Technical",13,False,False,,"355"
"Requirement|REQ","Technical",14,False,False,,"356"
"Requirement|REQ","Technical",15,False,False,,"357"
"Requirement|REQ","Technical",16,False,False,,"358"
"Requirement|REQ","Technical",17,False,False,,"359"
"Requirement|REQ","Technical",18,False,False,,"385"
"Requirement|REQ","Technical",19,False,False,,"402"
"Requirement|REQ","Technical",20,False,False,,"403"
"Requirement|REQ","Technical",21,False,False,,"404"
"Requirement|REQ","Technical",22,False,False,,"405"
"Requirement|REQ","Technical",23,False,False,,"406"
"Requirement|REQ","Technical",24,False,False,,"407"
"Requirement|REQ","Technical",25,False,False,,"408"
"Requirement|REQ","Technical",26,False,False,,"409"
"Requirement|REQ","Technical",27,False,False,,"410"
"Requirement|REQ","Technical",28,False,False,,"411"
"Requirement|REQ","Technical",29,False,False,,"412"
"Requirement|REQ","Technical",30,False,False,,"413"
"Requirement|REQ","Technical",31,False,False,,"417"
"Requirement|REQ","Technical",32,False,False,,"452"
"Requirement|REQ","Technical",33,False,False,,"488"
"Requirement|REQ","Technical",34,False,False,,"507"
"Requirement|REQ","Technical",35,False,False,,"518"
"Requirement|REQ","Technical",36,False,False,,"523"
"Requirement|REQ","Technical",37,False,False,,"524"
"Requirement|REQ","Technical",38,False,False,,"525"
"Requirement|REQ","Technical",39,False,False,,"526"
"Requirement|REQ","Technical",40,False,False,,"527"
"Requirement|REQ","Technical",41,False,False,,"528"
"Requirement|REQ","Technical",42,False,False,,"529"
"Requirement|REQ","Technical",43,False,False,,"530"
"Requirement|REQ","Technical",44,False,False,,"531"
"Requirement|REQ","Technical",45,False,False,,"532"
"Requirement|REQ","Technical",46,False,False,,"533"
"Requirement|REQ","Technical",47,False,False,,"534"
"Requirement|REQ","Technical",48,False,False,,"535"
"Requirement|REQ","Technical",49,False,False,,"536"
"Requirement|REQ","Technical",50,False,False,,"537"
"Requirement|REQ","Technical",51,False,False,,"538"
"Requirement|REQ","Technical",52,False,False,,"539"
"Requirement|REQ","Technical",53,False,False,,"540"
"Requirement|REQ","Technical",54,False,False,,"541"
"Requirement|REQ","Technical",55,False,False,,"542"
"Requirement|REQ","Technical",56,False,False,,"545"
"Requirement|REQ","Technical",57,False,False,,"546"
"Requirement|REQ","Technical",58,False,False,,"547"
"Requirement|REQ","Technical",59,False,False,,"548"
"Requirement|REQ","Technical",60,False,False,,"549"
"Requirement|REQ","Technical",61,False,False,,"550"
"Requirement|REQ","Technical",62,False,False,,"552"
"Requirement|REQ","Technical",63,False,False,,"553"
"Requirement|REQ","Technical",64,False,False,,"554"
"Requirement|REQ","Technical",65,False,False,,"555"
"Requirement|REQ","Technical",66,False,False,,"559"
"Requirement|REQ","Technical",67,False,False,,"560"
"Requirement|REQ","Technical",68,False,False,,"562"
"Requirement|REQ","Technical",69,False,False,,"563"
"Requirement|REQ","Technical",70,False,False,,"564"
"Requirement|REQ","Technical",71,False,False,,"565"
"Requirement|REQ","Technical",72,False,False,,"566"
"Requirement|REQ","Technical",73,False,False,,"569"
"Requirement|REQ","Technical",74,False,False,,"570"
"Requirement|REQ","Technical",75,False,False,,"572"
"Requirement|REQ","Technical",76,False,False,,"573"
"Requirement|REQ","Technical",77,False,False,,"574"
"Requirement|REQ","Technical",78,False,False,,"575"
"Requirement|REQ","Technical",79,False,False,,"579"
"Requirement|REQ","Technical",80,False,False,,"580"
"Requirement|REQ","Technical",81,False,False,,"581"
"Requirement|REQ","Technical",82,False,False,,"582"
"Requirement|REQ","Technical",83,False,False,,"583"
"Requirement|REQ","Technical",84,False,False,,"585"
"Requirement|REQ","Technical",85,False,False,,"599"
"Requirement|REQ","Technical",86,False,False,,"600"
"Requirement|REQ","Technical",87,False,False,,"603"
"Requirement|REQ","Technical",88,False,False,,"604"
"Requirement|REQ","Technical",89,False,False,,"607"
"Requirement|REQ","Technical",90,False,False,,"608"
"Requirement|REQ","Technical",91,False,False,,"609"
"Requirement|REQ","Technical",92,False,False,,"613"
"Requirement|REQ","Technical",93,False,False,,"616"
"Requirement|REQ","Technical",94,False,False,,"622"
"Requirement|REQ","Technical",95,False,False,,"641"
"Requirement|REQ","Technical",96,False,False,,"642"
"Requirement|REQ","Technical",97,False,False,,"646"
"Requirement|REQ","Technical",98,False,False,,"647"
"Requirement|REQ","Technical",99,False,False,,"648"
"Requirement|REQ","Technical",100,False,False,,"675"
"Requirement|REQ","Technical",101,False,False,,"676"
"Requirement|REQ","Technical",102,False,False,,"686"
"Requirement|REQ","Technical",103,False,False,,"689"
"Requirement|REQ","Technical",104,False,False,,"715"
"Requirement|REQ","Technical",105,False,False,,"386"
"Requirement|REQ","Technical",106,False,False,,"387"
"Requirement|REQ","Technical",107,False,False,,"388"
"Requirement|REQ","Technical",108,False,False,,"389"
"Requirement|REQ","Technical",109,False,False,,"390"
"Requirement|REQ","Technical",110,False,False,,"391"
"Requirement|REQ","Technical",111,False,False,,"394"
"Requirement|REQ","Technical",112,False,False,,"395"
"Requirement|REQ","Technical",113,False,False,,"396"
"Requirement|REQ","Technical",114,False,False,,"397"
"Requirement|REQ","Technical",115,False,False,,"398"
"Requirement|REQ","Technical",116,False,False,,"399"
"Requirement|REQ","Technical",117,False,False,,"400"
"Requirement|REQ","Technical",118,False,False,,"401"
"Requirement|REQ","Technical",119,False,False,,"414"
"Requirement|REQ","Technical",120,False,False,,"415"
"Requirement|REQ","Technical",121,False,False,,"416"
"Requirement|REQ","Technical",122,False,False,,"418"
"Requirement|REQ","Technical",123,False,False,,"419"
"Requirement|REQ","Technical",124,False,False,,"544"
"Requirement|REQ","Technical",125,False,False,,"578"
"Requirement|REQ","Technical",126,False,False,,"587"
"Requirement|REQ","Technical",127,False,False,,"625"
"Requirement|REQ","Technical",128,False,False,,"626"
"Requirement|REQ","Technical",129,False,False,,"627"
"Requirement|REQ","Technical",130,False,False,,"628"
"Requirement|REQ","Technical",131,False,False,,"629"
"Requirement|REQ","Technical",132,False,False,,"630"
"Requirement|REQ","Technical",133,False,False,,"631"
"Requirement|REQ","Technical",134,False,False,,"632"
"Requirement|REQ","Technical",135,False,False,,"633"
"Requirement|REQ","Technical",136,False,False,,"634"
"Requirement|REQ","Technical",137,False,False,,"636"
"Requirement|REQ","Technical",138,False,False,,"637"
"Requirement|REQ","Technical",139,False,False,,"638"
"Requirement|REQ","Technical",140,False,False,,"639"
"Requirement|REQ","Technical",141,False,False,,"640"
"Requirement|REQ","Technical",142,False,False,,"684"
"Requirement|REQ","Technical",143,False,False,,"449"
"Requirement|REQ","Technical",144,False,False,,"450"
"Requirement|REQ","Technical",145,False,False,,"612"
"Requirement|REQ","Technical",146,False,False,,"635"
"Requirement|REQ","Technical",147,False,False,,"650"
"Requirement|REQ","Technical",148,False,False,,"657"
"Requirement|REQ","Technical",149,False,False,,"658"
"Requirement|REQ","Technical",150,False,False,,"659"
"Requirement|REQ","Technical",151,False,False,,"660"
"Requirement|REQ","Technical",152,False,False,,"661"
"Requirement|REQ","Technical",153,False,False,,"662"
"Requirement|REQ","Technical",154,False,False,,"663"
"Requirement|REQ","Technical",155,False,False,,"664"
"Requirement|REQ","Technical",156,False,False,,"665"
"Requirement|REQ","Technical",157,False,False,,"666"
"Requirement|REQ","Technical",158,False,False,,"667"
"Requirement|REQ","Technical",159,False,False,,"668"
"Requirement|REQ","Technical",160,False,False,,"669"
"Requirement|REQ","Technical",161,False,False,,"670"
"Requirement|REQ","Technical",162,False,False,,"672"
"Requirement|REQ","Technical",163,False,False,,"673"
"Requirement|REQ","Technical",164,False,False,,"674"
"Requirement|REQ","Technical",165,False,False,,"731"
"Requirement|REQ","Technical",166,False,False,,"520"
"Requirement|REQ","Technical",167,False,False,,"521"
"Requirement|REQ","Technical",168,False,False,,"624"
"Requirement|REQ","Technical",169,False,False,,"649"
"Requirement|REQ","Technical",170,False,False,,"651"
"Requirement|REQ","Technical",171,False,False,,"653"
"Requirement|REQ","Technical",172,False,False,,"654"
"Requirement|REQ","Technical",173,False,False,,"619"
"Requirement|REQ","Technical",174,False,False,,"618"
"Requirement|REQ","Technical",175,False,False,,"682"
"Requirement|REQ","Technical",176,False,False,,"571"
"Requirement|REQ","Technical",177,False,False,,"679"
"Requirement|REQ","Technical",178,False,False,,"680"
"Requirement|REQ","Technical",179,False,False,,"681"
"Requirement|REQ","Technical",180,False,False,,"597"
"Requirement|REQ","Technical",181,False,False,,"363"
"Requirement|REQ","Technical",182,False,False,,"370"
"Requirement|REQ","Technical",183,False,False,,"371"
"Requirement|REQ","Technical",184,False,False,,"372"
"Requirement|REQ","Technical",185,False,False,,"373"
"Requirement|REQ","Technical",186,False,False,,"364"
"Requirement|REQ","Technical",187,False,False,,"365"
"Requirement|REQ","Technical",188,False,False,,"366"
"Requirement|REQ","Technical",189,False,False,,"367"
"Requirement|REQ","Technical",190,False,False,,"368"
"Requirement|REQ","Technical",191,False,False,,"369"
"Requirement|REQ","Technical",192,False,False,,"543"
"Requirement|REQ","Technical",193,False,False,,"592"
"Requirement|REQ","Technical",194,False,False,,"596"
"Requirement|REQ","Technical",195,False,False,,"598"
"Requirement|REQ","Technical",196,False,False,,"601"
"Requirement|REQ","Technical",197,False,False,,"605"
"Requirement|REQ","Technical",198,False,False,,"606"
"Requirement|REQ","Technical",199,False,False,,"610"
"Requirement|REQ","Technical",200,False,False,,"677"
"Requirement|REQ","Technical",201,False,False,,"678"
"Requirement|REQ","Technical",202,False,False,,"730"
"Requirement|REQ","Technical",203,False,False,,"617"
"Requirement|REQ","Technical",204,False,False,,"645"
"Requirement|REQ","Technical",205,False,False,,"380"
"Requirement|REQ","Technical",206,False,False,,"381"
"Requirement|REQ","Technical",207,False,False,,"382"
"Requirement|REQ","Technical",208,False,False,,"383"
"Requirement|REQ","Technical",209,False,False,,"374"
"Requirement|REQ","Technical",210,False,False,,"375"
"Requirement|REQ","Technical",211,False,False,,"376"
"Requirement|REQ","Technical",212,False,False,,"377"
"Requirement|REQ","Technical",213,False,False,,"378"
"Requirement|REQ","Technical",214,False,False,,"379"
"Requirement|REQ","Technical",215,False,False,,"384"
"Requirement|REQ","Technical",216,False,False,,"420"
"Requirement|REQ","Technical",217,False,False,,"434"
"Requirement|REQ","Technical",218,False,False,,"440"
"Requirement|REQ","Technical",219,False,False,,"584"
"Requirement|REQ","Technical",220,False,False,,"611"
"Requirement|REQ","Technical",221,False,False,,"620"
"Requirement|REQ","Technical",222,False,False,,"621"
"Requirement|REQ","Technical",223,False,False,,"655"
"Requirement|REQ","Technical",224,False,False,,"656"
"Requirement|REQ","Technical",225,False,False,,"685"
"Requirement|REQ","Technical",226,False,False,,"687"
"Requirement|REQ","Technical",227,False,False,,"706"
"Requirement|REQ","Technical",228,False,False,,"712"
"Requirement|REQ","Technical",229,False,False,,"713"
"Requirement|REQ","Technical",230,False,False,,"733"
"Requirement|REQ","Technical",231,False,False,,"690"
"Requirement|REQ","Technical",232,False,False,,"561"
"Requirement|REQ","Technical",233,False,False,,"683"
"Requirement|REQ","Technical",234,False,False,,"392"
"Requirement|REQ","Technical",235,False,False,,"393"
"Requirement|REQ","Technical",236,False,False,,"588"
"Requirement|REQ","Technical",237,False,False,,"589"
"Requirement|REQ","Technical",238,False,False,,"590"
"Requirement|REQ","Technical",239,False,False,,"421"
"Requirement|REQ","Technical",240,False,False,,"422"
"Requirement|REQ","Technical",241,False,False,,"423"
"Requirement|REQ","Technical",242,False,False,,"424"
"Requirement|REQ","Technical",243,False,False,,"442"
"Requirement|REQ","Technical",244,False,False,,"443"
"Requirement|REQ","Technical",245,False,False,,"444"
"Requirement|REQ","Technical",246,False,False,,"445"
"Requirement|REQ","Technical",247,False,False,,"708"
"Requirement|REQ","Technical",248,False,False,,"709"
"Requirement|REQ","Technical",249,False,False,,"710"
"Requirement|REQ","Technical",250,False,False,,"711"
"Requirement|REQ","Technical",251,False,False,,"425"
"Requirement|REQ","Technical",252,False,False,,"426"
"Requirement|REQ","Technical",253,False,False,,"427"
"Requirement|REQ","Technical",254,False,False,,"428"
"Requirement|REQ","Technical",255,False,False,,"429"
"Requirement|REQ","Technical",256,False,False,,"430"
"Requirement|REQ","Technical",257,False,False,,"431"
"Requirement|REQ","Technical",258,False,False,,"432"
"Requirement|REQ","Technical",259,False,False,,"433"
"Requirement|REQ","Technical",260,False,False,,"714"
"Requirement|REQ","Technical",261,False,False,,"435"
"Requirement|REQ","Technical",262,False,False,,"436"
"Requirement|REQ","Technical",263,False,False,,"437"
"Requirement|REQ","Technical",264,False,False,,"438"
"Requirement|REQ","Technical",265,False,False,,"439"
"Requirement|REQ","Technical",266,False,False,,"446"
"Requirement|REQ","Technical",267,False,False,,"700"
"Requirement|REQ","Technical",268,False,False,,"701"
"Requirement|REQ","Technical",269,False,False,,"702"
"Requirement|REQ","Technical",270,False,False,,"703"
"Requirement|REQ","Technical",271,False,False,,"441"
"Requirement|REQ","Technical",272,False,False,,"447"
"Requirement|REQ","Technical",273,False,False,,"448"
"Requirement|REQ","Technical",274,False,False,,"688"
"Requirement|REQ","Technical",275,False,False,,"704"
"Requirement|REQ","Technical",276,False,False,,"705"
"Requirement|REQ","Technical",277,False,False,,"707"
"Requirement|REQ","Technical",278,False,False,,"451"
"Requirement|REQ","Technical",279,False,False,,"453"
"Requirement|REQ","Technical",280,False,False,,"454"
"Requirement|REQ","Technical",281,False,False,,"455"
"Requirement|REQ","Technical",282,False,False,,"456"
"Requirement|REQ","Technical",283,False,False,,"457"
"Requirement|REQ","Technical",284,False,False,,"458"
"Requirement|REQ","Technical",285,False,False,,"459"
"Requirement|REQ","Technical",286,False,False,,"460"
"Requirement|REQ","Technical",287,False,False,,"461"
"Requirement|REQ","Technical",288,False,False,,"462"
"Requirement|REQ","Technical",289,False,False,,"463"
"Requirement|REQ","Technical",290,False,False,,"464"
"Requirement|REQ","Technical",291,False,False,,"465"
"Requirement|REQ","Technical",292,False,False,,"466"
"Requirement|REQ","Technical",293,False,False,,"467"
"Requirement|REQ","Technical",294,False,False,,"468"
"Requirement|REQ","Technical",295,False,False,,"469"
"Requirement|REQ","Technical",296,False,False,,"470"
"Requirement|REQ","Technical",297,False,False,,"471"
"Requirement|REQ","Technical",298,False,False,,"472"
"Requirement|REQ","Technical",299,False,False,,"473"
"Requirement|REQ","Technical",300,False,False,,"474"
"Requirement|REQ","Technical",301,False,False,,"623"
"Requirement|REQ","Technical",302,False,False,,"691"
"Requirement|REQ","Technical",303,False,False,,"692"
"Requirement|REQ","Technical",304,False,False,,"693"
"Requirement|REQ","Technical",305,False,False,,"694"
"Requirement|REQ","Technical",306,False,False,,"695"
"Requirement|REQ","Technical",307,False,False,,"696"
"Requirement|REQ","Technical",308,False,False,,"697"
"Requirement|REQ","Technical",309,False,False,,"698"
"Requirement|REQ","Technical",310,False,False,,"699"
"Requirement|REQ","Technical",311,False,False,,"522"
"Requirement|REQ","Technical",312,False,False,,"475"
"Requirement|REQ","Technical",313,False,False,,"476"
"Requirement|REQ","Technical",314,False,False,,"477"
"Requirement|REQ","Technical",315,False,False,,"478"
"Requirement|REQ","Technical",316,False,False,,"479"
"Requirement|REQ","Technical",317,False,False,,"480"
"Requirement|REQ","Technical",318,False,False,,"481"
"Requirement|REQ","Technical",319,False,False,,"482"
"Requirement|REQ","Technical",320,False,False,,"483"
"Requirement|REQ","Technical",321,False,False,,"484"
"Requirement|REQ","Technical",322,False,False,,"485"
"Requirement|REQ","Technical",323,False,False,,"486"
"Requirement|REQ","Technical",324,False,False,,"487"
"Requirement|REQ","Technical",325,False,False,,"489"
"Requirement|REQ","Technical",326,False,False,,"490"
"Requirement|REQ","Technical",327,False,False,,"492"
"Requirement|REQ","Technical",328,False,False,,"493"
"Requirement|REQ","Technical",329,False,False,,"503"
"Requirement|REQ","Technical",330,False,False,,"504"
"Requirement|REQ","Technical",331,False,False,,"505"
"Requirement|REQ","Technical",332,False,False,,"506"
"Requirement|REQ","Technical",333,False,False,,"491"
"Requirement|REQ","Technical",334,False,False,,"551"
"Requirement|REQ","Technical",335,False,False,,"556"
"Requirement|REQ","Technical",336,False,False,,"557"
"Requirement|REQ","Technical",337,False,False,,"558"
"Requirement|REQ","Technical",338,False,False,,"567"
"Requirement|REQ","Technical",339,False,False,,"568"
"Requirement|REQ","Technical",340,False,False,,"576"
"Requirement|REQ","Technical",341,False,False,,"577"
"Requirement|REQ","Technical",342,False,False,,"602"
"Requirement|REQ","Technical",343,False,False,,"614"
"Requirement|REQ","Technical",344,False,False,,"615"
"Requirement|REQ","Technical",345,False,False,,"652"
"Requirement|REQ","Technical",346,False,False,,"494"
"Requirement|REQ","Technical",347,False,False,,"495"
"Requirement|REQ","Technical",348,False,False,,"496"
"Requirement|REQ","Technical",349,False,False,,"497"
"Requirement|REQ","Technical",350,False,False,,"498"
"Requirement|REQ","Technical",351,False,False,,"499"
"Requirement|REQ","Technical",352,False,False,,"500"
"Requirement|REQ","Technical",353,False,False,,"501"
"Requirement|REQ","Technical",354,False,False,,"502"
"Requirement|REQ","Technical",355,False,False,,"508"
"Requirement|REQ","Technical",356,False,False,,"509"
"Requirement|REQ","Technical",357,False,False,,"510"
"Requirement|REQ","Technical",358,False,False,,"511"
"Requirement|REQ","Technical",359,False,False,,"512"
"Requirement|REQ","Technical",360,False,False,,"513"
"Requirement|REQ","Technical",361,False,False,,"514"
"Requirement|REQ","Technical",362,False,False,,"515"
"Requirement|REQ","Technical",363,False,False,,"516"
"Requirement|REQ","Technical",364,False,False,,"517"
"Requirement|REQ","Technical",365,False,False,,"519"
"Requirement|REQ","Technical",366,False,False,,"671"
"Requirement|REQ","Technical",367,False,False,,"716"
"Requirement|REQ","Technical",368,False,False,,"717"
"Requirement|REQ","Technical",369,False,False,,"718"
"Requirement|REQ","Technical",370,False,False,,"719"
"Requirement|REQ","Technical",371,False,False,,"720"
"Requirement|REQ","Technical",372,False,False,,"721"
"Requirement|REQ","Technical",373,False,False,,"722"
"Requirement|REQ","Technical",374,False,False,,"723"
"Requirement|REQ","Technical",375,False,False,,"724"
"Requirement|REQ","Technical",376,False,False,,"725"
"Requirement|REQ","Technical",377,False,False,,"726"
"Requirement|REQ","Technical",378,False,False,,"727"
"Requirement|REQ","Technical",379,False,False,,"728"
"Requirement|REQ","Technical",380,False,False,,"729"
