"labels","type","status","seq","obsolete","suspect","modeluid","uid","displayID","fieldValueRefs"
"Requirement|REQ","PURPOSE","COMPLETE",0,False,False,"","","0","fv0072|fv0073|fv0074|fv0075"
"Requirement|REQ","STAKEHOLDER","COMPLETE",0,False,False,"","","301","fv0076|fv0002|fv0128|fv0180|fv0232|fv0031|fv0284|fv0042|fv0068"
"Requirement|REQ","STAKEHOLDER","COMPLETE",1,False,False,"","","302","fv0077|fv0002|fv0129|fv0181|fv0233|fv0031|fv0285|fv0042|fv0068"
"Requirement|REQ","STAKEHOLDER","COMPLETE",2,False,False,"","","303","fv0078|fv0002|fv0130|fv0182|fv0234|fv0035|fv0286|fv0044|fv0068"
"Requirement|REQ","STAKEHOLDER","COMPLETE",3,False,False,"","","308","fv0079|fv0002|fv0131|fv0183|fv0235|fv0029|fv0287|fv0042|fv0068"
"Requirement|REQ","STAKEHOLDER","COMPLETE",4,False,False,"","","305","fv0080|fv0008|fv0132|fv0184|fv0236|fv0031|fv0288|fv0042|fv0068|fv1860"
"Requirement|REQ","STAKEHOLDER","COMPLETE",5,False,False,"","","339","fv0081|fv0008|fv0133|fv0185|fv0237|fv0031|fv0289|fv0043|fv0069"
"Requirement|REQ","STAKEHOLDER","COMPLETE",6,False,False,"","","345","fv0082|fv0008|fv0134|fv0186|fv0238|fv0031|fv0290|fv0042|fv0068"
"Requirement|REQ","STAKEHOLDER","COMPLETE",7,False,False,"","","309","fv0083|fv0008|fv0135|fv0187|fv0239|fv0033|fv0291|fv0045|fv0068"
"Requirement|REQ","STAKEHOLDER","COMPLETE",8,False,False,"","","311","fv0084|fv0008|fv0136|fv0188|fv0240|fv0033|fv0292|fv0042|fv0068|fv1861"
"Requirement|REQ","STAKEHOLDER","COMPLETE",9,False,False,"","","313","fv0085|fv0008|fv0137|fv0189|fv0241|fv0033|fv0293|fv0042|fv0069"
"Requirement|REQ","STAKEHOLDER","COMPLETE",10,False,False,"","","306","fv0086|fv0008|fv0138|fv0190|fv0242|fv0041|fv0294|fv0044|fv0069"
"Requirement|REQ","STAKEHOLDER","COMPLETE",11,False,False,"","","307","fv0087|fv0008|fv0139|fv0191|fv0243|fv0041|fv0295|fv0042|fv0068"
"Requirement|REQ","STAKEHOLDER","COMPLETE",12,False,False,"","","346","fv0088|fv0008|fv0140|fv0192|fv0244|fv0041|fv0296|fv0042|fv0069"
"Requirement|REQ","STAKEHOLDER","COMPLETE",13,False,False,"","","347","fv0089|fv0008|fv0141|fv0193|fv0245|fv0041|fv0297|fv0045|fv0068"
"Requirement|REQ","STAKEHOLDER","COMPLETE",14,False,False,"","","348","fv0090|fv0008|fv0142|fv0194|fv0246|fv0041|fv0298|fv0042|fv0068"
"Requirement|REQ","STAKEHOLDER","COMPLETE",15,False,False,"","","349","fv0091|fv0008|fv0143|fv0195|fv0247|fv0041|fv0299|fv0042|fv0069"
"Requirement|REQ","STAKEHOLDER","COMPLETE",16,False,False,"","","350","fv0092|fv0008|fv0144|fv0196|fv0248|fv0041|fv0300|fv0044|fv0068"
"Requirement|REQ","STAKEHOLDER","COMPLETE",17,False,False,"","","351","fv0093|fv0008|fv0145|fv0197|fv0249|fv0041|fv0301|fv0042|fv0068|fv1860|fv1861"
"Requirement|REQ","STAKEHOLDER","COMPLETE",18,False,False,"","","352","fv0094|fv0008|fv0146|fv0198|fv0250|fv0041|fv0302|fv0042|fv0068"
"Requirement|REQ","STAKEHOLDER","COMPLETE",19,False,False,"","","325","fv0095|fv0008|fv0147|fv0199|fv0251|fv0038|fv0303|fv0042|fv0068"
"Requirement|REQ","STAKEHOLDER","COMPLETE",20,False,False,"","","326","fv0096|fv0008|fv0148|fv0200|fv0252|fv0038|fv0304|fv0042|fv0068"
"Requirement|REQ","STAKEHOLDER","COMPLETE",21,False,False,"","","331","fv0097|fv0008|fv0149|fv0201|fv0253|fv0034|fv0305|fv0042|fv0068"
"Requirement|REQ","STAKEHOLDER","COMPLETE",22,False,False,"","","334","fv0098|fv0008|fv0150|fv0202|fv0254|fv0034|fv0306|fv0045|fv0068"
"Requirement|REQ","STAKEHOLDER","COMPLETE",23,False,False,"","","337","fv0099|fv0008|fv0151|fv0203|fv0255|fv0034|fv0307|fv0042|fv0068"
"Requirement|REQ","STAKEHOLDER","COMPLETE",24,False,False,"","","341","fv0100|fv0006|fv0152|fv0204|fv0256|fv0031|fv0308|fv0042|fv0069"
"Requirement|REQ","STAKEHOLDER","COMPLETE",25,False,False,"","","343","fv0101|fv0006|fv0153|fv0205|fv0257|fv0031|fv0309|fv0042|fv0068"
"Requirement|REQ","STAKEHOLDER","COMPLETE",26,False,False,"","","329","fv0102|fv0006|fv0154|fv0206|fv0258|fv0035|fv0310|fv0042|fv0068"
"Requirement|REQ","STAKEHOLDER","COMPLETE",27,False,False,"","","304","fv0103|fv0006|fv0155|fv0207|fv0259|fv0033|fv0311|fv0043|fv0068"
"Requirement|REQ","STAKEHOLDER","COMPLETE",28,False,False,"","","310","fv0104|fv0006|fv0156|fv0208|fv0260|fv0033|fv0312|fv0045|fv0069"
"Requirement|REQ","STAKEHOLDER","COMPLETE",29,False,False,"","","312","fv0105|fv0006|fv0157|fv0209|fv0261|fv0033|fv0313|fv0044|fv0068|fv1860"
"Requirement|REQ","STAKEHOLDER","COMPLETE",30,False,False,"","","314","fv0106|fv0006|fv0158|fv0210|fv0262|fv0033|fv0314|fv0042|fv0068"
"Requirement|REQ","STAKEHOLDER","COMPLETE",31,False,False,"","","315","fv0107|fv0006|fv0159|fv0211|fv0263|fv0033|fv0315|fv0042|fv0068"
"Requirement|REQ","STAKEHOLDER","COMPLETE",32,False,False,"","","316","fv0108|fv0006|fv0160|fv0212|fv0264|fv0033|fv0316|fv0043|fv0069"
"Requirement|REQ","STAKEHOLDER","COMPLETE",33,False,False,"","","317","fv0109|fv0006|fv0161|fv0213|fv0265|fv0033|fv0317|fv0042|fv0068"
"Requirement|REQ","STAKEHOLDER","COMPLETE",34,False,False,"","","318","fv0110|fv0006|fv0162|fv0214|fv0266|fv0033|fv0318|fv0042|fv0069"
"Requirement|REQ","STAKEHOLDER","COMPLETE",35,False,False,"","","319","fv0111|fv0006|fv0163|fv0215|fv0267|fv0033|fv0319|fv0042|fv0068"
"Requirement|REQ","STAKEHOLDER","COMPLETE",36,False,False,"","","320","fv0112|fv0006|fv0164|fv0216|fv0268|fv0033|fv0320|fv0045|fv0068"
"Requirement|REQ","STAKEHOLDER","COMPLETE",37,False,False,"","","321","fv0113|fv0006|fv0165|fv0217|fv0269|fv0038|fv0321|fv0042|fv0068|fv1860|fv1861"
"Requirement|REQ","STAKEHOLDER","COMPLETE",38,False,False,"","","322","fv0114|fv0006|fv0166|fv0218|fv0270|fv0038|fv0322|fv0042|fv0068"
"Requirement|REQ","STAKEHOLDER","COMPLETE",39,False,False,"","","324","fv0115|fv0006|fv0167|fv0219|fv0271|fv0038|fv0323|fv0042|fv0069"
"Requirement|REQ","STAKEHOLDER","COMPLETE",40,False,False,"","","328","fv0116|fv0006|fv0168|fv0220|fv0272|fv0038|fv0324|fv0043|fv0069"
"Requirement|REQ","STAKEHOLDER","COMPLETE",41,False,False,"","","335","fv0117|fv0006|fv0169|fv0221|fv0273|fv0034|fv0325|fv0042|fv0069"
"Requirement|REQ","STAKEHOLDER","COMPLETE",42,False,False,"","","332","fv0118|fv0005|fv0170|fv0222|fv0274|fv0034|fv0326|fv0042|fv0068"
"Requirement|REQ","STAKEHOLDER","COMPLETE",43,False,False,"","","333","fv0119|fv0005|fv0171|fv0223|fv0275|fv0034|fv0327|fv0042|fv0068"
"Requirement|REQ","STAKEHOLDER","COMPLETE",44,False,False,"","","336","fv0120|fv0005|fv0172|fv0224|fv0276|fv0034|fv0328|fv0042|fv0068"
"Requirement|REQ","STAKEHOLDER","COMPLETE",45,False,False,"","","338","fv0121|fv0005|fv0173|fv0225|fv0277|fv0034|fv0329|fv0044|fv0068"
"Requirement|REQ","STAKEHOLDER","COMPLETE",46,False,False,"","","323","fv0122|fv0004|fv0174|fv0226|fv0278|fv0038|fv0330|fv0043|fv0068"
"Requirement|REQ","STAKEHOLDER","COMPLETE",47,False,False,"","","327","fv0123|fv0004|fv0175|fv0227|fv0279|fv0038|fv0331|fv0045|fv0068"
"Requirement|REQ","STAKEHOLDER","COMPLETE",48,False,False,"","","340","fv0124|fv0003|fv0176|fv0228|fv0280|fv0031|fv0332|fv0042|fv0068"
"Requirement|REQ","STAKEHOLDER","COMPLETE",49,False,False,"","","342","fv0125|fv0003|fv0177|fv0229|fv0281|fv0031|fv0333|fv0042|fv0069"
"Requirement|REQ","STAKEHOLDER","COMPLETE",50,False,False,"","","344","fv0126|fv0003|fv0178|fv0230|fv0282|fv0031|fv0334|fv0042|fv0068"
"Requirement|REQ","STAKEHOLDER","COMPLETE",51,False,False,"","","330","fv0127|fv0003|fv0179|fv0231|fv0283|fv0035|fv0335|fv0042|fv0068"
"Requirement|REQ","TECHNICAL","COMPLETE",0,False,False,"","","360","fv0336|fv0009|fv0717|fv1098|fv1479|fv0056|fv0066|fv0071"
"Requirement|REQ","TECHNICAL","COMPLETE",1,False,False,"","","361","fv0337|fv0009|fv0718|fv1099|fv1480|fv0056|fv0064|fv0070"
"Requirement|REQ","TECHNICAL","COMPLETE",2,False,False,"","","362","fv0338|fv0009|fv0719|fv1100|fv1481|fv0056|fv0063|fv0070|fv1862"
"Requirement|REQ","TECHNICAL","COMPLETE",3,False,False,"","","586","fv0339|fv0009|fv0720|fv1101|fv1482|fv0056|fv0067|fv0070"
"Requirement|REQ","TECHNICAL","COMPLETE",4,False,False,"","","591","fv0340|fv0009|fv0721|fv1102|fv1483|fv0056|fv0066|fv0071"
"Requirement|REQ","TECHNICAL","COMPLETE",5,False,False,"","","593","fv0341|fv0009|fv0722|fv1103|fv1484|fv0056|fv0064|fv0070"
"Requirement|REQ","TECHNICAL","COMPLETE",6,False,False,"","","594","fv0342|fv0009|fv0723|fv1104|fv1485|fv0056|fv0066|fv0071|fv1863"
"Requirement|REQ","TECHNICAL","COMPLETE",7,False,False,"","","595","fv0343|fv0009|fv0724|fv1105|fv1486|fv0056|fv0064|fv0070"
"Requirement|REQ","TECHNICAL","COMPLETE",8,False,False,"","","643","fv0344|fv0009|fv0725|fv1106|fv1487|fv0056|fv0063|fv0071"
"Requirement|REQ","TECHNICAL","COMPLETE",9,False,False,"","","644","fv0345|fv0009|fv0726|fv1107|fv1488|fv0056|fv0064|fv0070"
"Requirement|REQ","TECHNICAL","COMPLETE",10,False,False,"","","732","fv0346|fv0009|fv0727|fv1108|fv1489|fv0056|fv0064|fv0071"
"Requirement|REQ","TECHNICAL","COMPLETE",11,False,False,"","","353","fv0347|fv0009|fv0728|fv1109|fv1490|fv0049|fv0064|fv0070|fv1862"
"Requirement|REQ","TECHNICAL","COMPLETE",12,False,False,"","","354","fv0348|fv0009|fv0729|fv1110|fv1491|fv0049|fv0064|fv0070"
"Requirement|REQ","TECHNICAL","COMPLETE",13,False,False,"","","355","fv0349|fv0009|fv0730|fv1111|fv1492|fv0049|fv0067|fv0071"
"Requirement|REQ","TECHNICAL","COMPLETE",14,False,False,"","","356","fv0350|fv0009|fv0731|fv1112|fv1493|fv0049|fv0064|fv0070"
"Requirement|REQ","TECHNICAL","COMPLETE",15,False,False,"","","357","fv0351|fv0009|fv0732|fv1113|fv1494|fv0049|fv0067|fv0070"
"Requirement|REQ","TECHNICAL","COMPLETE",16,False,False,"","","358","fv0352|fv0009|fv0733|fv1114|fv1495|fv0049|fv0065|fv0071"
"Requirement|REQ","TECHNICAL","COMPLETE",17,False,False,"","","359","fv0353|fv0009|fv0734|fv1115|fv1496|fv0049|fv0064|fv0070"
"Requirement|REQ","TECHNICAL","COMPLETE",18,False,False,"","","385","fv0354|fv0009|fv0735|fv1116|fv1497|fv0049|fv0066|fv0070|fv1862|fv1863"
"Requirement|REQ","TECHNICAL","COMPLETE",19,False,False,"","","402","fv0355|fv0009|fv0736|fv1117|fv1498|fv0049|fv0063|fv0071"
"Requirement|REQ","TECHNICAL","COMPLETE",20,False,False,"","","403","fv0356|fv0009|fv0737|fv1118|fv1499|fv0049|fv0066|fv0070"
"Requirement|REQ","TECHNICAL","COMPLETE",21,False,False,"","","404","fv0357|fv0009|fv0738|fv1119|fv1500|fv0049|fv0064|fv0071"
"Requirement|REQ","TECHNICAL","COMPLETE",22,False,False,"","","405","fv0358|fv0009|fv0739|fv1120|fv1501|fv0049|fv0066|fv0070"
"Requirement|REQ","TECHNICAL","COMPLETE",23,False,False,"","","406","fv0359|fv0009|fv0740|fv1121|fv1502|fv0049|fv0064|fv0070"
"Requirement|REQ","TECHNICAL","COMPLETE",24,False,False,"","","407","fv0360|fv0009|fv0741|fv1122|fv1503|fv0049|fv0064|fv0071|fv1863"
"Requirement|REQ","TECHNICAL","COMPLETE",25,False,False,"","","408","fv0361|fv0009|fv0742|fv1123|fv1504|fv0049|fv0063|fv0070"
"Requirement|REQ","TECHNICAL","COMPLETE",26,False,False,"","","409","fv0362|fv0009|fv0743|fv1124|fv1505|fv0049|fv0065|fv0070"
"Requirement|REQ","TECHNICAL","COMPLETE",27,False,False,"","","410","fv0363|fv0009|fv0744|fv1125|fv1506|fv0049|fv0063|fv0071"
"Requirement|REQ","TECHNICAL","COMPLETE",28,False,False,"","","411","fv0364|fv0009|fv0745|fv1126|fv1507|fv0049|fv0065|fv0070"
"Requirement|REQ","TECHNICAL","COMPLETE",29,False,False,"","","412","fv0365|fv0009|fv0746|fv1127|fv1508|fv0049|fv0067|fv0070"
"Requirement|REQ","TECHNICAL","COMPLETE",30,False,False,"","","413","fv0366|fv0009|fv0747|fv1128|fv1509|fv0049|fv0066|fv0071"
"Requirement|REQ","TECHNICAL","COMPLETE",31,False,False,"","","417","fv0367|fv0009|fv0748|fv1129|fv1510|fv0049|fv0066|fv0071"
"Requirement|REQ","TECHNICAL","COMPLETE",32,False,False,"","","452","fv0368|fv0009|fv0749|fv1130|fv1511|fv0049|fv0065|fv0071"
"Requirement|REQ","TECHNICAL","COMPLETE",33,False,False,"","","488","fv0369|fv0009|fv0750|fv1131|fv1512|fv0049|fv0067|fv0071"
"Requirement|REQ","TECHNICAL","COMPLETE",34,False,False,"","","507","fv0370|fv0009|fv0751|fv1132|fv1513|fv0049|fv0066|fv0070"
"Requirement|REQ","TECHNICAL","COMPLETE",35,False,False,"","","518","fv0371|fv0009|fv0752|fv1133|fv1514|fv0049|fv0065|fv0070"
"Requirement|REQ","TECHNICAL","COMPLETE",36,False,False,"","","523","fv0372|fv0009|fv0753|fv1134|fv1515|fv0049|fv0063|fv0070"
"Requirement|REQ","TECHNICAL","COMPLETE",37,False,False,"","","524","fv0373|fv0009|fv0754|fv1135|fv1516|fv0049|fv0065|fv0070"
"Requirement|REQ","TECHNICAL","COMPLETE",38,False,False,"","","525","fv0374|fv0009|fv0755|fv1136|fv1517|fv0049|fv0064|fv0071"
"Requirement|REQ","TECHNICAL","COMPLETE",39,False,False,"","","526","fv0375|fv0009|fv0756|fv1137|fv1518|fv0049|fv0063|fv0070"
"Requirement|REQ","TECHNICAL","COMPLETE",40,False,False,"","","527","fv0376|fv0009|fv0757|fv1138|fv1519|fv0049|fv0066|fv0070"
"Requirement|REQ","TECHNICAL","COMPLETE",41,False,False,"","","528","fv0377|fv0009|fv0758|fv1139|fv1520|fv0049|fv0063|fv0071"
"Requirement|REQ","TECHNICAL","COMPLETE",42,False,False,"","","529","fv0378|fv0009|fv0759|fv1140|fv1521|fv0049|fv0067|fv0071"
"Requirement|REQ","TECHNICAL","COMPLETE",43,False,False,"","","530","fv0379|fv0009|fv0760|fv1141|fv1522|fv0049|fv0065|fv0070|fv1862|fv1863"
"Requirement|REQ","TECHNICAL","COMPLETE",44,False,False,"","","531","fv0380|fv0009|fv0761|fv1142|fv1523|fv0049|fv0063|fv0070"
"Requirement|REQ","TECHNICAL","COMPLETE",45,False,False,"","","532","fv0381|fv0009|fv0762|fv1143|fv1524|fv0049|fv0065|fv0071"
"Requirement|REQ","TECHNICAL","COMPLETE",46,False,False,"","","533","fv0382|fv0009|fv0763|fv1144|fv1525|fv0049|fv0065|fv0070"
"Requirement|REQ","TECHNICAL","COMPLETE",47,False,False,"","","534","fv0383|fv0009|fv0764|fv1145|fv1526|fv0049|fv0064|fv0070"
"Requirement|REQ","TECHNICAL","COMPLETE",48,False,False,"","","535","fv0384|fv0009|fv0765|fv1146|fv1527|fv0049|fv0066|fv0071"
"Requirement|REQ","TECHNICAL","COMPLETE",49,False,False,"","","536","fv0385|fv0009|fv0766|fv1147|fv1528|fv0049|fv0067|fv0070"
"Requirement|REQ","TECHNICAL","COMPLETE",50,False,False,"","","537","fv0386|fv0009|fv0767|fv1148|fv1529|fv0049|fv0067|fv0070"
"Requirement|REQ","TECHNICAL","COMPLETE",51,False,False,"","","538","fv0387|fv0009|fv0768|fv1149|fv1530|fv0049|fv0067|fv0070"
"Requirement|REQ","TECHNICAL","COMPLETE",52,False,False,"","","539","fv0388|fv0009|fv0769|fv1150|fv1531|fv0049|fv0064|fv0071"
"Requirement|REQ","TECHNICAL","COMPLETE",53,False,False,"","","540","fv0389|fv0009|fv0770|fv1151|fv1532|fv0049|fv0067|fv0070|fv1863"
"Requirement|REQ","TECHNICAL","COMPLETE",54,False,False,"","","541","fv0390|fv0009|fv0771|fv1152|fv1533|fv0049|fv0065|fv0070"
"Requirement|REQ","TECHNICAL","COMPLETE",55,False,False,"","","542","fv0391|fv0009|fv0772|fv1153|fv1534|fv0049|fv0063|fv0071"
"Requirement|REQ","TECHNICAL","COMPLETE",56,False,False,"","","545","fv0392|fv0009|fv0773|fv1154|fv1535|fv0049|fv0064|fv0070"
"Requirement|REQ","TECHNICAL","COMPLETE",57,False,False,"","","546","fv0393|fv0009|fv0774|fv1155|fv1536|fv0049|fv0064|fv0071"
"Requirement|REQ","TECHNICAL","COMPLETE",58,False,False,"","","547","fv0394|fv0009|fv0775|fv1156|fv1537|fv0049|fv0063|fv0070"
"Requirement|REQ","TECHNICAL","COMPLETE",59,False,False,"","","548","fv0395|fv0009|fv0776|fv1157|fv1538|fv0049|fv0063|fv0071|fv1862"
"Requirement|REQ","TECHNICAL","COMPLETE",60,False,False,"","","549","fv0396|fv0009|fv0777|fv1158|fv1539|fv0049|fv0067|fv0070"
"Requirement|REQ","TECHNICAL","COMPLETE",61,False,False,"","","550","fv0397|fv0009|fv0778|fv1159|fv1540|fv0049|fv0066|fv0070"
"Requirement|REQ","TECHNICAL","COMPLETE",62,False,False,"","","552","fv0398|fv0009|fv0779|fv1160|fv1541|fv0049|fv0066|fv0071"
"Requirement|REQ","TECHNICAL","COMPLETE",63,False,False,"","","553","fv0399|fv0009|fv0780|fv1161|fv1542|fv0049|fv0066|fv0070"
"Requirement|REQ","TECHNICAL","COMPLETE",64,False,False,"","","554","fv0400|fv0009|fv0781|fv1162|fv1543|fv0049|fv0066|fv0070"
"Requirement|REQ","TECHNICAL","COMPLETE",65,False,False,"","","555","fv0401|fv0009|fv0782|fv1163|fv1544|fv0049|fv0066|fv0071"
"Requirement|REQ","TECHNICAL","COMPLETE",66,False,False,"","","559","fv0402|fv0009|fv0783|fv1164|fv1545|fv0049|fv0066|fv0070"
"Requirement|REQ","TECHNICAL","COMPLETE",67,False,False,"","","560","fv0403|fv0009|fv0784|fv1165|fv1546|fv0049|fv0066|fv0070"
"Requirement|REQ","TECHNICAL","COMPLETE",68,False,False,"","","562","fv0404|fv0009|fv0785|fv1166|fv1547|fv0049|fv0065|fv0070"
"Requirement|REQ","TECHNICAL","COMPLETE",69,False,False,"","","563","fv0405|fv0009|fv0786|fv1167|fv1548|fv0049|fv0063|fv0070|fv1862|fv1863"
"Requirement|REQ","TECHNICAL","COMPLETE",70,False,False,"","","564","fv0406|fv0009|fv0787|fv1168|fv1549|fv0049|fv0066|fv0071"
"Requirement|REQ","TECHNICAL","COMPLETE",71,False,False,"","","565","fv0407|fv0009|fv0788|fv1169|fv1550|fv0049|fv0064|fv0070"
"Requirement|REQ","TECHNICAL","COMPLETE",72,False,False,"","","566","fv0408|fv0009|fv0789|fv1170|fv1551|fv0049|fv0066|fv0070"
"Requirement|REQ","TECHNICAL","COMPLETE",73,False,False,"","","569","fv0409|fv0009|fv0790|fv1171|fv1552|fv0049|fv0065|fv0070"
"Requirement|REQ","TECHNICAL","COMPLETE",74,False,False,"","","570","fv0410|fv0009|fv0791|fv1172|fv1553|fv0049|fv0065|fv0070"
"Requirement|REQ","TECHNICAL","COMPLETE",75,False,False,"","","572","fv0411|fv0009|fv0792|fv1173|fv1554|fv0049|fv0063|fv0070"
"Requirement|REQ","TECHNICAL","COMPLETE",76,False,False,"","","573","fv0412|fv0009|fv0793|fv1174|fv1555|fv0049|fv0067|fv0070"
"Requirement|REQ","TECHNICAL","COMPLETE",77,False,False,"","","574","fv0413|fv0009|fv0794|fv1175|fv1556|fv0049|fv0063|fv0071"
"Requirement|REQ","TECHNICAL","COMPLETE",78,False,False,"","","575","fv0414|fv0009|fv0795|fv1176|fv1557|fv0049|fv0066|fv0070"
"Requirement|REQ","TECHNICAL","COMPLETE",79,False,False,"","","579","fv0415|fv0009|fv0796|fv1177|fv1558|fv0049|fv0067|fv0070"
"Requirement|REQ","TECHNICAL","COMPLETE",80,False,False,"","","580","fv0416|fv0009|fv0797|fv1178|fv1559|fv0049|fv0067|fv0071"
"Requirement|REQ","TECHNICAL","COMPLETE",81,False,False,"","","581","fv0417|fv0009|fv0798|fv1179|fv1560|fv0049|fv0064|fv0070"
"Requirement|REQ","TECHNICAL","COMPLETE",82,False,False,"","","582","fv0418|fv0009|fv0799|fv1180|fv1561|fv0049|fv0067|fv0070"
"Requirement|REQ","TECHNICAL","COMPLETE",83,False,False,"","","583","fv0419|fv0009|fv0800|fv1181|fv1562|fv0049|fv0067|fv0070"
"Requirement|REQ","TECHNICAL","COMPLETE",84,False,False,"","","585","fv0420|fv0009|fv0801|fv1182|fv1563|fv0049|fv0064|fv0071"
"Requirement|REQ","TECHNICAL","COMPLETE",85,False,False,"","","599","fv0421|fv0009|fv0802|fv1183|fv1564|fv0049|fv0065|fv0070"
"Requirement|REQ","TECHNICAL","COMPLETE",86,False,False,"","","600","fv0422|fv0009|fv0803|fv1184|fv1565|fv0049|fv0066|fv0071"
"Requirement|REQ","TECHNICAL","COMPLETE",87,False,False,"","","603","fv0423|fv0009|fv0804|fv1185|fv1566|fv0049|fv0066|fv0070"
"Requirement|REQ","TECHNICAL","COMPLETE",88,False,False,"","","604","fv0424|fv0009|fv0805|fv1186|fv1567|fv0049|fv0066|fv0070"
"Requirement|REQ","TECHNICAL","COMPLETE",89,False,False,"","","607","fv0425|fv0009|fv0806|fv1187|fv1568|fv0049|fv0065|fv0070"
"Requirement|REQ","TECHNICAL","COMPLETE",90,False,False,"","","608","fv0426|fv0009|fv0807|fv1188|fv1569|fv0049|fv0065|fv0071"
"Requirement|REQ","TECHNICAL","COMPLETE",91,False,False,"","","609","fv0427|fv0009|fv0808|fv1189|fv1570|fv0049|fv0065|fv0071"
"Requirement|REQ","TECHNICAL","COMPLETE",92,False,False,"","","613","fv0428|fv0009|fv0809|fv1190|fv1571|fv0049|fv0065|fv0070"
"Requirement|REQ","TECHNICAL","COMPLETE",93,False,False,"","","616","fv0429|fv0009|fv0810|fv1191|fv1572|fv0049|fv0063|fv0070"
"Requirement|REQ","TECHNICAL","COMPLETE",94,False,False,"","","622","fv0430|fv0009|fv0811|fv1192|fv1573|fv0049|fv0065|fv0071"
"Requirement|REQ","TECHNICAL","COMPLETE",95,False,False,"","","641","fv0431|fv0009|fv0812|fv1193|fv1574|fv0049|fv0064|fv0070"
"Requirement|REQ","TECHNICAL","COMPLETE",96,False,False,"","","642","fv0432|fv0009|fv0813|fv1194|fv1575|fv0049|fv0064|fv0070"
"Requirement|REQ","TECHNICAL","COMPLETE",97,False,False,"","","646","fv0433|fv0009|fv0814|fv1195|fv1576|fv0049|fv0067|fv0070"
"Requirement|REQ","TECHNICAL","COMPLETE",98,False,False,"","","647","fv0434|fv0009|fv0815|fv1196|fv1577|fv0049|fv0067|fv0071"
"Requirement|REQ","TECHNICAL","COMPLETE",99,False,False,"","","648","fv0435|fv0009|fv0816|fv1197|fv1578|fv0049|fv0067|fv0070"
"Requirement|REQ","TECHNICAL","COMPLETE",100,False,False,"","","675","fv0436|fv0009|fv0817|fv1198|fv1579|fv0049|fv0064|fv0071"
"Requirement|REQ","TECHNICAL","COMPLETE",101,False,False,"","","676","fv0437|fv0009|fv0818|fv1199|fv1580|fv0049|fv0066|fv0070"
"Requirement|REQ","TECHNICAL","COMPLETE",102,False,False,"","","686","fv0438|fv0009|fv0819|fv1200|fv1581|fv0049|fv0065|fv0070"
"Requirement|REQ","TECHNICAL","COMPLETE",103,False,False,"","","689","fv0439|fv0009|fv0820|fv1201|fv1582|fv0049|fv0063|fv0071"
"Requirement|REQ","TECHNICAL","COMPLETE",104,False,False,"","","715","fv0440|fv0009|fv0821|fv1202|fv1583|fv0049|fv0065|fv0070"
"Requirement|REQ","TECHNICAL","COMPLETE",105,False,False,"","","386","fv0441|fv0009|fv0822|fv1203|fv1584|fv0050|fv0067|fv0070"
"Requirement|REQ","TECHNICAL","COMPLETE",106,False,False,"","","387","fv0442|fv0009|fv0823|fv1204|fv1585|fv0050|fv0067|fv0071"
"Requirement|REQ","TECHNICAL","COMPLETE",107,False,False,"","","388","fv0443|fv0009|fv0824|fv1205|fv1586|fv0050|fv0066|fv0070"
"Requirement|REQ","TECHNICAL","COMPLETE",108,False,False,"","","389","fv0444|fv0009|fv0825|fv1206|fv1587|fv0050|fv0065|fv0071"
"Requirement|REQ","TECHNICAL","COMPLETE",109,False,False,"","","390","fv0445|fv0009|fv0826|fv1207|fv1588|fv0050|fv0063|fv0070"
"Requirement|REQ","TECHNICAL","COMPLETE",110,False,False,"","","391","fv0446|fv0009|fv0827|fv1208|fv1589|fv0050|fv0063|fv0070"
"Requirement|REQ","TECHNICAL","COMPLETE",111,False,False,"","","394","fv0447|fv0009|fv0828|fv1209|fv1590|fv0050|fv0065|fv0070"
"Requirement|REQ","TECHNICAL","COMPLETE",112,False,False,"","","395","fv0448|fv0009|fv0829|fv1210|fv1591|fv0050|fv0065|fv0071"
"Requirement|REQ","TECHNICAL","COMPLETE",113,False,False,"","","396","fv0449|fv0009|fv0830|fv1211|fv1592|fv0050|fv0066|fv0070"
"Requirement|REQ","TECHNICAL","COMPLETE",114,False,False,"","","397","fv0450|fv0009|fv0831|fv1212|fv1593|fv0050|fv0063|fv0071"
"Requirement|REQ","TECHNICAL","COMPLETE",115,False,False,"","","398","fv0451|fv0009|fv0832|fv1213|fv1594|fv0050|fv0064|fv0070"
"Requirement|REQ","TECHNICAL","COMPLETE",116,False,False,"","","399","fv0452|fv0009|fv0833|fv1214|fv1595|fv0050|fv0063|fv0070"
"Requirement|REQ","TECHNICAL","COMPLETE",117,False,False,"","","400","fv0453|fv0009|fv0834|fv1215|fv1596|fv0050|fv0067|fv0070"
"Requirement|REQ","TECHNICAL","COMPLETE",118,False,False,"","","401","fv0454|fv0009|fv0835|fv1216|fv1597|fv0050|fv0063|fv0070"
"Requirement|REQ","TECHNICAL","COMPLETE",119,False,False,"","","414","fv0455|fv0009|fv0836|fv1217|fv1598|fv0050|fv0065|fv0070"
"Requirement|REQ","TECHNICAL","COMPLETE",120,False,False,"","","415","fv0456|fv0009|fv0837|fv1218|fv1599|fv0050|fv0064|fv0070"
"Requirement|REQ","TECHNICAL","COMPLETE",121,False,False,"","","416","fv0457|fv0009|fv0838|fv1219|fv1600|fv0050|fv0064|fv0070"
"Requirement|REQ","TECHNICAL","COMPLETE",122,False,False,"","","418","fv0458|fv0009|fv0839|fv1220|fv1601|fv0050|fv0066|fv0070"
"Requirement|REQ","TECHNICAL","COMPLETE",123,False,False,"","","419","fv0459|fv0009|fv0840|fv1221|fv1602|fv0050|fv0063|fv0071"
"Requirement|REQ","TECHNICAL","COMPLETE",124,False,False,"","","544","fv0460|fv0009|fv0841|fv1222|fv1603|fv0050|fv0064|fv0070"
"Requirement|REQ","TECHNICAL","COMPLETE",125,False,False,"","","578","fv0461|fv0009|fv0842|fv1223|fv1604|fv0050|fv0065|fv0071"
"Requirement|REQ","TECHNICAL","COMPLETE",126,False,False,"","","587","fv0462|fv0009|fv0843|fv1224|fv1605|fv0050|fv0063|fv0070"
"Requirement|REQ","TECHNICAL","COMPLETE",127,False,False,"","","625","fv0463|fv0009|fv0844|fv1225|fv1606|fv0050|fv0066|fv0070"
"Requirement|REQ","TECHNICAL","COMPLETE",128,False,False,"","","626","fv0464|fv0009|fv0845|fv1226|fv1607|fv0050|fv0063|fv0071"
"Requirement|REQ","TECHNICAL","COMPLETE",129,False,False,"","","627","fv0465|fv0009|fv0846|fv1227|fv1608|fv0050|fv0066|fv0070"
"Requirement|REQ","TECHNICAL","COMPLETE",130,False,False,"","","628","fv0466|fv0009|fv0847|fv1228|fv1609|fv0050|fv0066|fv0071"
"Requirement|REQ","TECHNICAL","COMPLETE",131,False,False,"","","629","fv0467|fv0009|fv0848|fv1229|fv1610|fv0050|fv0067|fv0070"
"Requirement|REQ","TECHNICAL","COMPLETE",132,False,False,"","","630","fv0468|fv0009|fv0849|fv1230|fv1611|fv0050|fv0067|fv0070"
"Requirement|REQ","TECHNICAL","COMPLETE",133,False,False,"","","631","fv0469|fv0009|fv0850|fv1231|fv1612|fv0050|fv0066|fv0070"
"Requirement|REQ","TECHNICAL","COMPLETE",134,False,False,"","","632","fv0470|fv0009|fv0851|fv1232|fv1613|fv0050|fv0063|fv0070"
"Requirement|REQ","TECHNICAL","COMPLETE",135,False,False,"","","633","fv0471|fv0009|fv0852|fv1233|fv1614|fv0050|fv0065|fv0071"
"Requirement|REQ","TECHNICAL","COMPLETE",136,False,False,"","","634","fv0472|fv0009|fv0853|fv1234|fv1615|fv0050|fv0065|fv0070"
"Requirement|REQ","TECHNICAL","COMPLETE",137,False,False,"","","636","fv0473|fv0009|fv0854|fv1235|fv1616|fv0050|fv0066|fv0071"
"Requirement|REQ","TECHNICAL","COMPLETE",138,False,False,"","","637","fv0474|fv0009|fv0855|fv1236|fv1617|fv0050|fv0063|fv0071"
"Requirement|REQ","TECHNICAL","COMPLETE",139,False,False,"","","638","fv0475|fv0009|fv0856|fv1237|fv1618|fv0050|fv0063|fv0070"
"Requirement|REQ","TECHNICAL","COMPLETE",140,False,False,"","","639","fv0476|fv0009|fv0857|fv1238|fv1619|fv0050|fv0067|fv0070"
"Requirement|REQ","TECHNICAL","COMPLETE",141,False,False,"","","640","fv0477|fv0009|fv0858|fv1239|fv1620|fv0050|fv0065|fv0071"
"Requirement|REQ","TECHNICAL","COMPLETE",142,False,False,"","","684","fv0478|fv0009|fv0859|fv1240|fv1621|fv0050|fv0066|fv0070"
"Requirement|REQ","TECHNICAL","COMPLETE",143,False,False,"","","449","fv0479|fv0009|fv0860|fv1241|fv1622|fv0052|fv0064|fv0070"
"Requirement|REQ","TECHNICAL","COMPLETE",144,False,False,"","","450","fv0480|fv0009|fv0861|fv1242|fv1623|fv0052|fv0064|fv0070"
"Requirement|REQ","TECHNICAL","COMPLETE",145,False,False,"","","612","fv0481|fv0009|fv0862|fv1243|fv1624|fv0052|fv0064|fv0071"
"Requirement|REQ","TECHNICAL","COMPLETE",146,False,False,"","","635","fv0482|fv0009|fv0863|fv1244|fv1625|fv0052|fv0065|fv0070"
"Requirement|REQ","TECHNICAL","COMPLETE",147,False,False,"","","650","fv0483|fv0009|fv0864|fv1245|fv1626|fv0052|fv0064|fv0071"
"Requirement|REQ","TECHNICAL","COMPLETE",148,False,False,"","","657","fv0484|fv0009|fv0865|fv1246|fv1627|fv0052|fv0066|fv0070"
"Requirement|REQ","TECHNICAL","COMPLETE",149,False,False,"","","658","fv0485|fv0009|fv0866|fv1247|fv1628|fv0052|fv0065|fv0070"
"Requirement|REQ","TECHNICAL","COMPLETE",150,False,False,"","","659","fv0486|fv0009|fv0867|fv1248|fv1629|fv0052|fv0067|fv0070"
"Requirement|REQ","TECHNICAL","COMPLETE",151,False,False,"","","660","fv0487|fv0009|fv0868|fv1249|fv1630|fv0052|fv0064|fv0071"
"Requirement|REQ","TECHNICAL","COMPLETE",152,False,False,"","","661","fv0488|fv0009|fv0869|fv1250|fv1631|fv0052|fv0067|fv0070"
"Requirement|REQ","TECHNICAL","COMPLETE",153,False,False,"","","662","fv0489|fv0009|fv0870|fv1251|fv1632|fv0052|fv0066|fv0070"
"Requirement|REQ","TECHNICAL","COMPLETE",154,False,False,"","","663","fv0490|fv0009|fv0871|fv1252|fv1633|fv0052|fv0066|fv0071"
"Requirement|REQ","TECHNICAL","COMPLETE",155,False,False,"","","664","fv0491|fv0009|fv0872|fv1253|fv1634|fv0052|fv0066|fv0070"
"Requirement|REQ","TECHNICAL","COMPLETE",156,False,False,"","","665","fv0492|fv0009|fv0873|fv1254|fv1635|fv0052|fv0063|fv0071"
"Requirement|REQ","TECHNICAL","COMPLETE",157,False,False,"","","666","fv0493|fv0009|fv0874|fv1255|fv1636|fv0052|fv0066|fv0070"
"Requirement|REQ","TECHNICAL","COMPLETE",158,False,False,"","","667","fv0494|fv0009|fv0875|fv1256|fv1637|fv0052|fv0064|fv0070"
"Requirement|REQ","TECHNICAL","COMPLETE",159,False,False,"","","668","fv0495|fv0009|fv0876|fv1257|fv1638|fv0052|fv0065|fv0071"
"Requirement|REQ","TECHNICAL","COMPLETE",160,False,False,"","","669","fv0496|fv0009|fv0877|fv1258|fv1639|fv0052|fv0066|fv0070"
"Requirement|REQ","TECHNICAL","COMPLETE",161,False,False,"","","670","fv0497|fv0009|fv0878|fv1259|fv1640|fv0052|fv0066|fv0070"
"Requirement|REQ","TECHNICAL","COMPLETE",162,False,False,"","","672","fv0498|fv0009|fv0879|fv1260|fv1641|fv0052|fv0066|fv0071"
"Requirement|REQ","TECHNICAL","COMPLETE",163,False,False,"","","673","fv0499|fv0009|fv0880|fv1261|fv1642|fv0052|fv0066|fv0070"
"Requirement|REQ","TECHNICAL","COMPLETE",164,False,False,"","","674","fv0500|fv0009|fv0881|fv1262|fv1643|fv0052|fv0067|fv0070"
"Requirement|REQ","TECHNICAL","COMPLETE",165,False,False,"","","731","fv0501|fv0009|fv0882|fv1263|fv1644|fv0052|fv0063|fv0070"
"Requirement|REQ","TECHNICAL","COMPLETE",166,False,False,"","","520","fv0502|fv0009|fv0883|fv1264|fv1645|fv0057|fv0063|fv0070"
"Requirement|REQ","TECHNICAL","COMPLETE",167,False,False,"","","521","fv0503|fv0009|fv0884|fv1265|fv1646|fv0057|fv0065|fv0071"
"Requirement|REQ","TECHNICAL","COMPLETE",168,False,False,"","","624","fv0504|fv0009|fv0885|fv1266|fv1647|fv0057|fv0067|fv0070"
"Requirement|REQ","TECHNICAL","COMPLETE",169,False,False,"","","649","fv0505|fv0009|fv0886|fv1267|fv1648|fv0057|fv0063|fv0070"
"Requirement|REQ","TECHNICAL","COMPLETE",170,False,False,"","","651","fv0506|fv0009|fv0887|fv1268|fv1649|fv0057|fv0065|fv0070"
"Requirement|REQ","TECHNICAL","COMPLETE",171,False,False,"","","653","fv0507|fv0009|fv0888|fv1269|fv1650|fv0057|fv0066|fv0070"
"Requirement|REQ","TECHNICAL","COMPLETE",172,False,False,"","","654","fv0508|fv0009|fv0889|fv1270|fv1651|fv0057|fv0066|fv0071"
"Requirement|REQ","TECHNICAL","COMPLETE",173,False,False,"","","619","fv0509|fv0009|fv0890|fv1271|fv1652|fv0047|fv0064|fv0071"
"Requirement|REQ","TECHNICAL","COMPLETE",174,False,False,"","","618","fv0510|fv0009|fv0891|fv1272|fv1653|fv0048|fv0065|fv0070"
"Requirement|REQ","TECHNICAL","COMPLETE",175,False,False,"","","682","fv0511|fv0009|fv0892|fv1273|fv1654|fv0048|fv0063|fv0070"
"Requirement|REQ","TECHNICAL","COMPLETE",176,False,False,"","","571","fv0512|fv0009|fv0893|fv1274|fv1655|fv0055|fv0067|fv0071"
"Requirement|REQ","TECHNICAL","COMPLETE",177,False,False,"","","679","fv0513|fv0009|fv0894|fv1275|fv1656|fv0055|fv0067|fv0071"
"Requirement|REQ","TECHNICAL","COMPLETE",178,False,False,"","","680","fv0514|fv0009|fv0895|fv1276|fv1657|fv0055|fv0065|fv0070"
"Requirement|REQ","TECHNICAL","COMPLETE",179,False,False,"","","681","fv0515|fv0009|fv0896|fv1277|fv1658|fv0055|fv0065|fv0071"
"Requirement|REQ","TECHNICAL","COMPLETE",180,False,False,"","","597","fv0516|fv0009|fv0897|fv1278|fv1659|fv0051|fv0063|fv0070"
"Requirement|REQ","TECHNICAL","COMPLETE",181,False,False,"","","363","fv0517|fv0010|fv0898|fv1279|fv1660|fv0056|fv0065|fv0071"
"Requirement|REQ","TECHNICAL","COMPLETE",182,False,False,"","","370","fv0518|fv0010|fv0899|fv1280|fv1661|fv0056|fv0067|fv0070"
"Requirement|REQ","TECHNICAL","COMPLETE",183,False,False,"","","371","fv0519|fv0010|fv0900|fv1281|fv1662|fv0056|fv0064|fv0071"
"Requirement|REQ","TECHNICAL","COMPLETE",184,False,False,"","","372","fv0520|fv0010|fv0901|fv1282|fv1663|fv0056|fv0065|fv0070"
"Requirement|REQ","TECHNICAL","COMPLETE",185,False,False,"","","373","fv0521|fv0010|fv0902|fv1283|fv1664|fv0056|fv0064|fv0070"
"Requirement|REQ","TECHNICAL","COMPLETE",186,False,False,"","","364","fv0522|fv0010|fv0903|fv1284|fv1665|fv0049|fv0066|fv0070"
"Requirement|REQ","TECHNICAL","COMPLETE",187,False,False,"","","365","fv0523|fv0010|fv0904|fv1285|fv1666|fv0049|fv0066|fv0070"
"Requirement|REQ","TECHNICAL","COMPLETE",188,False,False,"","","366","fv0524|fv0010|fv0905|fv1286|fv1667|fv0049|fv0065|fv0071"
"Requirement|REQ","TECHNICAL","COMPLETE",189,False,False,"","","367","fv0525|fv0010|fv0906|fv1287|fv1668|fv0049|fv0067|fv0070"
"Requirement|REQ","TECHNICAL","COMPLETE",190,False,False,"","","368","fv0526|fv0010|fv0907|fv1288|fv1669|fv0049|fv0064|fv0070"
"Requirement|REQ","TECHNICAL","COMPLETE",191,False,False,"","","369","fv0527|fv0010|fv0908|fv1289|fv1670|fv0049|fv0063|fv0071"
"Requirement|REQ","TECHNICAL","COMPLETE",192,False,False,"","","543","fv0528|fv0010|fv0909|fv1290|fv1671|fv0049|fv0066|fv0070"
"Requirement|REQ","TECHNICAL","COMPLETE",193,False,False,"","","592","fv0529|fv0010|fv0910|fv1291|fv1672|fv0049|fv0063|fv0070"
"Requirement|REQ","TECHNICAL","COMPLETE",194,False,False,"","","596","fv0530|fv0010|fv0911|fv1292|fv1673|fv0049|fv0067|fv0070"
"Requirement|REQ","TECHNICAL","COMPLETE",195,False,False,"","","598","fv0531|fv0010|fv0912|fv1293|fv1674|fv0049|fv0065|fv0071"
"Requirement|REQ","TECHNICAL","COMPLETE",196,False,False,"","","601","fv0532|fv0010|fv0913|fv1294|fv1675|fv0049|fv0066|fv0070"
"Requirement|REQ","TECHNICAL","COMPLETE",197,False,False,"","","605","fv0533|fv0010|fv0914|fv1295|fv1676|fv0049|fv0063|fv0071"
"Requirement|REQ","TECHNICAL","COMPLETE",198,False,False,"","","606","fv0534|fv0010|fv0915|fv1296|fv1677|fv0049|fv0066|fv0070"
"Requirement|REQ","TECHNICAL","COMPLETE",199,False,False,"","","610","fv0535|fv0010|fv0916|fv1297|fv1678|fv0049|fv0066|fv0070"
"Requirement|REQ","TECHNICAL","COMPLETE",200,False,False,"","","677","fv0536|fv0010|fv0917|fv1298|fv1679|fv0049|fv0063|fv0070"
"Requirement|REQ","TECHNICAL","COMPLETE",201,False,False,"","","678","fv0537|fv0010|fv0918|fv1299|fv1680|fv0049|fv0065|fv0070"
"Requirement|REQ","TECHNICAL","COMPLETE",202,False,False,"","","730","fv0538|fv0010|fv0919|fv1300|fv1681|fv0049|fv0064|fv0070"
"Requirement|REQ","TECHNICAL","COMPLETE",203,False,False,"","","617","fv0539|fv0010|fv0920|fv1301|fv1682|fv0050|fv0067|fv0070"
"Requirement|REQ","TECHNICAL","COMPLETE",204,False,False,"","","645","fv0540|fv0010|fv0921|fv1302|fv1683|fv0050|fv0064|fv0070"
"Requirement|REQ","TECHNICAL","COMPLETE",205,False,False,"","","380","fv0541|fv0017|fv0922|fv1303|fv1684|fv0056|fv0067|fv0070"
"Requirement|REQ","TECHNICAL","COMPLETE",206,False,False,"","","381","fv0542|fv0017|fv0923|fv1304|fv1685|fv0056|fv0065|fv0071"
"Requirement|REQ","TECHNICAL","COMPLETE",207,False,False,"","","382","fv0543|fv0017|fv0924|fv1305|fv1686|fv0056|fv0065|fv0070"
"Requirement|REQ","TECHNICAL","COMPLETE",208,False,False,"","","383","fv0544|fv0017|fv0925|fv1306|fv1687|fv0056|fv0065|fv0070"
"Requirement|REQ","TECHNICAL","COMPLETE",209,False,False,"","","374","fv0545|fv0017|fv0926|fv1307|fv1688|fv0049|fv0063|fv0070"
"Requirement|REQ","TECHNICAL","COMPLETE",210,False,False,"","","375","fv0546|fv0017|fv0927|fv1308|fv1689|fv0049|fv0067|fv0070"
"Requirement|REQ","TECHNICAL","COMPLETE",211,False,False,"","","376","fv0547|fv0017|fv0928|fv1309|fv1690|fv0049|fv0063|fv0071"
"Requirement|REQ","TECHNICAL","COMPLETE",212,False,False,"","","377","fv0548|fv0017|fv0929|fv1310|fv1691|fv0049|fv0063|fv0070"
"Requirement|REQ","TECHNICAL","COMPLETE",213,False,False,"","","378","fv0549|fv0017|fv0930|fv1311|fv1692|fv0049|fv0066|fv0071"
"Requirement|REQ","TECHNICAL","COMPLETE",214,False,False,"","","379","fv0550|fv0017|fv0931|fv1312|fv1693|fv0049|fv0063|fv0070"
"Requirement|REQ","TECHNICAL","COMPLETE",215,False,False,"","","384","fv0551|fv0017|fv0932|fv1313|fv1694|fv0049|fv0067|fv0071"
"Requirement|REQ","TECHNICAL","COMPLETE",216,False,False,"","","420","fv0552|fv0017|fv0933|fv1314|fv1695|fv0049|fv0063|fv0070"
"Requirement|REQ","TECHNICAL","COMPLETE",217,False,False,"","","434","fv0553|fv0017|fv0934|fv1315|fv1696|fv0049|fv0064|fv0070"
"Requirement|REQ","TECHNICAL","COMPLETE",218,False,False,"","","440","fv0554|fv0017|fv0935|fv1316|fv1697|fv0049|fv0064|fv0071"
"Requirement|REQ","TECHNICAL","COMPLETE",219,False,False,"","","584","fv0555|fv0017|fv0936|fv1317|fv1698|fv0049|fv0066|fv0070"
"Requirement|REQ","TECHNICAL","COMPLETE",220,False,False,"","","611","fv0556|fv0017|fv0937|fv1318|fv1699|fv0049|fv0063|fv0070"
"Requirement|REQ","TECHNICAL","COMPLETE",221,False,False,"","","620","fv0557|fv0017|fv0938|fv1319|fv1700|fv0049|fv0067|fv0070"
"Requirement|REQ","TECHNICAL","COMPLETE",222,False,False,"","","621","fv0558|fv0017|fv0939|fv1320|fv1701|fv0049|fv0065|fv0070"
"Requirement|REQ","TECHNICAL","COMPLETE",223,False,False,"","","655","fv0559|fv0017|fv0940|fv1321|fv1702|fv0049|fv0065|fv0070"
"Requirement|REQ","TECHNICAL","COMPLETE",224,False,False,"","","656","fv0560|fv0017|fv0941|fv1322|fv1703|fv0049|fv0064|fv0070"
"Requirement|REQ","TECHNICAL","COMPLETE",225,False,False,"","","685","fv0561|fv0017|fv0942|fv1323|fv1704|fv0049|fv0064|fv0071"
"Requirement|REQ","TECHNICAL","COMPLETE",226,False,False,"","","687","fv0562|fv0017|fv0943|fv1324|fv1705|fv0049|fv0067|fv0070"
"Requirement|REQ","TECHNICAL","COMPLETE",227,False,False,"","","706","fv0563|fv0017|fv0944|fv1325|fv1706|fv0049|fv0065|fv0071"
"Requirement|REQ","TECHNICAL","COMPLETE",228,False,False,"","","712","fv0564|fv0017|fv0945|fv1326|fv1707|fv0049|fv0063|fv0070"
"Requirement|REQ","TECHNICAL","COMPLETE",229,False,False,"","","713","fv0565|fv0017|fv0946|fv1327|fv1708|fv0049|fv0067|fv0070"
"Requirement|REQ","TECHNICAL","COMPLETE",230,False,False,"","","733","fv0566|fv0017|fv0947|fv1328|fv1709|fv0049|fv0063|fv0071"
"Requirement|REQ","TECHNICAL","COMPLETE",231,False,False,"","","690","fv0567|fv0017|fv0948|fv1329|fv1710|fv0050|fv0067|fv0070"
"Requirement|REQ","TECHNICAL","COMPLETE",232,False,False,"","","561","fv0568|fv0017|fv0949|fv1330|fv1711|fv0048|fv0064|fv0071"
"Requirement|REQ","TECHNICAL","COMPLETE",233,False,False,"","","683","fv0569|fv0017|fv0950|fv1331|fv1712|fv0048|fv0065|fv0070"
"Requirement|REQ","TECHNICAL","COMPLETE",234,False,False,"","","392","fv0570|fv0016|fv0951|fv1332|fv1713|fv0050|fv0066|fv0070"
"Requirement|REQ","TECHNICAL","COMPLETE",235,False,False,"","","393","fv0571|fv0016|fv0952|fv1333|fv1714|fv0050|fv0063|fv0071"
"Requirement|REQ","TECHNICAL","COMPLETE",236,False,False,"","","588","fv0572|fv0016|fv0953|fv1334|fv1715|fv0050|fv0067|fv0071"
"Requirement|REQ","TECHNICAL","COMPLETE",237,False,False,"","","589","fv0573|fv0016|fv0954|fv1335|fv1716|fv0050|fv0066|fv0070"
"Requirement|REQ","TECHNICAL","COMPLETE",238,False,False,"","","590","fv0574|fv0016|fv0955|fv1336|fv1717|fv0050|fv0065|fv0070"
"Requirement|REQ","TECHNICAL","COMPLETE",239,False,False,"","","421","fv0575|fv0019|fv0956|fv1337|fv1718|fv0049|fv0066|fv0070"
"Requirement|REQ","TECHNICAL","COMPLETE",240,False,False,"","","422","fv0576|fv0019|fv0957|fv1338|fv1719|fv0049|fv0066|fv0071"
"Requirement|REQ","TECHNICAL","COMPLETE",241,False,False,"","","423","fv0577|fv0019|fv0958|fv1339|fv1720|fv0049|fv0065|fv0070"
"Requirement|REQ","TECHNICAL","COMPLETE",242,False,False,"","","424","fv0578|fv0019|fv0959|fv1340|fv1721|fv0049|fv0063|fv0070"
"Requirement|REQ","TECHNICAL","COMPLETE",243,False,False,"","","442","fv0579|fv0019|fv0960|fv1341|fv1722|fv0049|fv0067|fv0070"
"Requirement|REQ","TECHNICAL","COMPLETE",244,False,False,"","","443","fv0580|fv0019|fv0961|fv1342|fv1723|fv0049|fv0067|fv0071"
"Requirement|REQ","TECHNICAL","COMPLETE",245,False,False,"","","444","fv0581|fv0019|fv0962|fv1343|fv1724|fv0049|fv0064|fv0070"
"Requirement|REQ","TECHNICAL","COMPLETE",246,False,False,"","","445","fv0582|fv0019|fv0963|fv1344|fv1725|fv0049|fv0064|fv0070"
"Requirement|REQ","TECHNICAL","COMPLETE",247,False,False,"","","708","fv0583|fv0019|fv0964|fv1345|fv1726|fv0049|fv0064|fv0071"
"Requirement|REQ","TECHNICAL","COMPLETE",248,False,False,"","","709","fv0584|fv0019|fv0965|fv1346|fv1727|fv0049|fv0065|fv0070"
"Requirement|REQ","TECHNICAL","COMPLETE",249,False,False,"","","710","fv0585|fv0019|fv0966|fv1347|fv1728|fv0049|fv0063|fv0070"
"Requirement|REQ","TECHNICAL","COMPLETE",250,False,False,"","","711","fv0586|fv0019|fv0967|fv1348|fv1729|fv0049|fv0066|fv0071"
"Requirement|REQ","TECHNICAL","COMPLETE",251,False,False,"","","425","fv0587|fv0021|fv0968|fv1349|fv1730|fv0049|fv0063|fv0071"
"Requirement|REQ","TECHNICAL","COMPLETE",252,False,False,"","","426","fv0588|fv0021|fv0969|fv1350|fv1731|fv0049|fv0066|fv0070"
"Requirement|REQ","TECHNICAL","COMPLETE",253,False,False,"","","427","fv0589|fv0021|fv0970|fv1351|fv1732|fv0049|fv0067|fv0070"
"Requirement|REQ","TECHNICAL","COMPLETE",254,False,False,"","","428","fv0590|fv0021|fv0971|fv1352|fv1733|fv0049|fv0065|fv0071"
"Requirement|REQ","TECHNICAL","COMPLETE",255,False,False,"","","429","fv0591|fv0021|fv0972|fv1353|fv1734|fv0049|fv0064|fv0070"
"Requirement|REQ","TECHNICAL","COMPLETE",256,False,False,"","","430","fv0592|fv0021|fv0973|fv1354|fv1735|fv0049|fv0065|fv0071"
"Requirement|REQ","TECHNICAL","COMPLETE",257,False,False,"","","431","fv0593|fv0021|fv0974|fv1355|fv1736|fv0049|fv0064|fv0070"
"Requirement|REQ","TECHNICAL","COMPLETE",258,False,False,"","","432","fv0594|fv0021|fv0975|fv1356|fv1737|fv0049|fv0065|fv0070"
"Requirement|REQ","TECHNICAL","COMPLETE",259,False,False,"","","433","fv0595|fv0021|fv0976|fv1357|fv1738|fv0049|fv0066|fv0070"
"Requirement|REQ","TECHNICAL","COMPLETE",260,False,False,"","","714","fv0596|fv0021|fv0977|fv1358|fv1739|fv0049|fv0067|fv0071"
"Requirement|REQ","TECHNICAL","COMPLETE",261,False,False,"","","435","fv0597|fv0022|fv0978|fv1359|fv1740|fv0049|fv0063|fv0071"
"Requirement|REQ","TECHNICAL","COMPLETE",262,False,False,"","","436","fv0598|fv0022|fv0979|fv1360|fv1741|fv0049|fv0063|fv0070"
"Requirement|REQ","TECHNICAL","COMPLETE",263,False,False,"","","437","fv0599|fv0022|fv0980|fv1361|fv1742|fv0049|fv0064|fv0071"
"Requirement|REQ","TECHNICAL","COMPLETE",264,False,False,"","","438","fv0600|fv0022|fv0981|fv1362|fv1743|fv0049|fv0067|fv0070"
"Requirement|REQ","TECHNICAL","COMPLETE",265,False,False,"","","439","fv0601|fv0022|fv0982|fv1363|fv1744|fv0049|fv0066|fv0070"
"Requirement|REQ","TECHNICAL","COMPLETE",266,False,False,"","","446","fv0602|fv0022|fv0983|fv1364|fv1745|fv0049|fv0066|fv0071"
"Requirement|REQ","TECHNICAL","COMPLETE",267,False,False,"","","700","fv0603|fv0022|fv0984|fv1365|fv1746|fv0049|fv0066|fv0070"
"Requirement|REQ","TECHNICAL","COMPLETE",268,False,False,"","","701","fv0604|fv0022|fv0985|fv1366|fv1747|fv0049|fv0066|fv0070"
"Requirement|REQ","TECHNICAL","COMPLETE",269,False,False,"","","702","fv0605|fv0022|fv0986|fv1367|fv1748|fv0049|fv0064|fv0071"
"Requirement|REQ","TECHNICAL","COMPLETE",270,False,False,"","","703","fv0606|fv0022|fv0987|fv1368|fv1749|fv0049|fv0063|fv0070"
"Requirement|REQ","TECHNICAL","COMPLETE",271,False,False,"","","441","fv0607|fv0020|fv0988|fv1369|fv1750|fv0049|fv0067|fv0070"
"Requirement|REQ","TECHNICAL","COMPLETE",272,False,False,"","","447","fv0608|fv0020|fv0989|fv1370|fv1751|fv0049|fv0066|fv0070"
"Requirement|REQ","TECHNICAL","COMPLETE",273,False,False,"","","448","fv0609|fv0020|fv0990|fv1371|fv1752|fv0049|fv0067|fv0071"
"Requirement|REQ","TECHNICAL","COMPLETE",274,False,False,"","","688","fv0610|fv0020|fv0991|fv1372|fv1753|fv0049|fv0064|fv0071"
"Requirement|REQ","TECHNICAL","COMPLETE",275,False,False,"","","704","fv0611|fv0020|fv0992|fv1373|fv1754|fv0049|fv0063|fv0070"
"Requirement|REQ","TECHNICAL","COMPLETE",276,False,False,"","","705","fv0612|fv0020|fv0993|fv1374|fv1755|fv0049|fv0067|fv0070"
"Requirement|REQ","TECHNICAL","COMPLETE",277,False,False,"","","707","fv0613|fv0020|fv0994|fv1375|fv1756|fv0049|fv0066|fv0070"
"Requirement|REQ","TECHNICAL","COMPLETE",278,False,False,"","","451","fv0614|fv0018|fv0995|fv1376|fv1757|fv0049|fv0063|fv0070"
"Requirement|REQ","TECHNICAL","COMPLETE",279,False,False,"","","453","fv0615|fv0018|fv0996|fv1377|fv1758|fv0049|fv0063|fv0070"
"Requirement|REQ","TECHNICAL","COMPLETE",280,False,False,"","","454","fv0616|fv0018|fv0997|fv1378|fv1759|fv0049|fv0066|fv0070"
"Requirement|REQ","TECHNICAL","COMPLETE",281,False,False,"","","455","fv0617|fv0018|fv0998|fv1379|fv1760|fv0049|fv0067|fv0071"
"Requirement|REQ","TECHNICAL","COMPLETE",282,False,False,"","","456","fv0618|fv0018|fv0999|fv1380|fv1761|fv0049|fv0064|fv0070"
"Requirement|REQ","TECHNICAL","COMPLETE",283,False,False,"","","457","fv0619|fv0018|fv1000|fv1381|fv1762|fv0049|fv0067|fv0070"
"Requirement|REQ","TECHNICAL","COMPLETE",284,False,False,"","","458","fv0620|fv0018|fv1001|fv1382|fv1763|fv0049|fv0064|fv0070"
"Requirement|REQ","TECHNICAL","COMPLETE",285,False,False,"","","459","fv0621|fv0018|fv1002|fv1383|fv1764|fv0049|fv0065|fv0071"
"Requirement|REQ","TECHNICAL","COMPLETE",286,False,False,"","","460","fv0622|fv0018|fv1003|fv1384|fv1765|fv0049|fv0065|fv0070"
"Requirement|REQ","TECHNICAL","COMPLETE",287,False,False,"","","461","fv0623|fv0018|fv1004|fv1385|fv1766|fv0049|fv0063|fv0071"
"Requirement|REQ","TECHNICAL","COMPLETE",288,False,False,"","","462","fv0624|fv0018|fv1005|fv1386|fv1767|fv0049|fv0065|fv0070"
"Requirement|REQ","TECHNICAL","COMPLETE",289,False,False,"","","463","fv0625|fv0018|fv1006|fv1387|fv1768|fv0049|fv0066|fv0070"
"Requirement|REQ","TECHNICAL","COMPLETE",290,False,False,"","","464","fv0626|fv0018|fv1007|fv1388|fv1769|fv0049|fv0066|fv0070"
"Requirement|REQ","TECHNICAL","COMPLETE",291,False,False,"","","465","fv0627|fv0018|fv1008|fv1389|fv1770|fv0049|fv0064|fv0071"
"Requirement|REQ","TECHNICAL","COMPLETE",292,False,False,"","","466","fv0628|fv0018|fv1009|fv1390|fv1771|fv0049|fv0064|fv0070"
"Requirement|REQ","TECHNICAL","COMPLETE",293,False,False,"","","467","fv0629|fv0018|fv1010|fv1391|fv1772|fv0049|fv0063|fv0070"
"Requirement|REQ","TECHNICAL","COMPLETE",294,False,False,"","","468","fv0630|fv0018|fv1011|fv1392|fv1773|fv0049|fv0064|fv0071"
"Requirement|REQ","TECHNICAL","COMPLETE",295,False,False,"","","469","fv0631|fv0018|fv1012|fv1393|fv1774|fv0049|fv0064|fv0070"
"Requirement|REQ","TECHNICAL","COMPLETE",296,False,False,"","","470","fv0632|fv0018|fv1013|fv1394|fv1775|fv0049|fv0067|fv0070"
"Requirement|REQ","TECHNICAL","COMPLETE",297,False,False,"","","471","fv0633|fv0018|fv1014|fv1395|fv1776|fv0049|fv0067|fv0070"
"Requirement|REQ","TECHNICAL","COMPLETE",298,False,False,"","","472","fv0634|fv0018|fv1015|fv1396|fv1777|fv0049|fv0066|fv0071"
"Requirement|REQ","TECHNICAL","COMPLETE",299,False,False,"","","473","fv0635|fv0018|fv1016|fv1397|fv1778|fv0049|fv0063|fv0070"
"Requirement|REQ","TECHNICAL","COMPLETE",300,False,False,"","","474","fv0636|fv0018|fv1017|fv1398|fv1779|fv0049|fv0067|fv0071"
"Requirement|REQ","TECHNICAL","COMPLETE",301,False,False,"","","623","fv0637|fv0018|fv1018|fv1399|fv1780|fv0049|fv0064|fv0070"
"Requirement|REQ","TECHNICAL","COMPLETE",302,False,False,"","","691","fv0638|fv0018|fv1019|fv1400|fv1781|fv0049|fv0065|fv0070"
"Requirement|REQ","TECHNICAL","COMPLETE",303,False,False,"","","692","fv0639|fv0018|fv1020|fv1401|fv1782|fv0049|fv0064|fv0071"
"Requirement|REQ","TECHNICAL","COMPLETE",304,False,False,"","","693","fv0640|fv0018|fv1021|fv1402|fv1783|fv0049|fv0063|fv0070"
"Requirement|REQ","TECHNICAL","COMPLETE",305,False,False,"","","694","fv0641|fv0018|fv1022|fv1403|fv1784|fv0049|fv0067|fv0070"
"Requirement|REQ","TECHNICAL","COMPLETE",306,False,False,"","","695","fv0642|fv0018|fv1023|fv1404|fv1785|fv0049|fv0065|fv0071"
"Requirement|REQ","TECHNICAL","COMPLETE",307,False,False,"","","696","fv0643|fv0018|fv1024|fv1405|fv1786|fv0049|fv0065|fv0070"
"Requirement|REQ","TECHNICAL","COMPLETE",308,False,False,"","","697","fv0644|fv0018|fv1025|fv1406|fv1787|fv0049|fv0063|fv0070"
"Requirement|REQ","TECHNICAL","COMPLETE",309,False,False,"","","698","fv0645|fv0018|fv1026|fv1407|fv1788|fv0049|fv0064|fv0070"
"Requirement|REQ","TECHNICAL","COMPLETE",310,False,False,"","","699","fv0646|fv0018|fv1027|fv1408|fv1789|fv0049|fv0065|fv0071"
"Requirement|REQ","TECHNICAL","COMPLETE",311,False,False,"","","522","fv0647|fv0018|fv1028|fv1409|fv1790|fv0047|fv0065|fv0070"
"Requirement|REQ","TECHNICAL","COMPLETE",312,False,False,"","","475","fv0648|fv0014|fv1029|fv1410|fv1791|fv0049|fv0063|fv0070"
"Requirement|REQ","TECHNICAL","COMPLETE",313,False,False,"","","476","fv0649|fv0014|fv1030|fv1411|fv1792|fv0049|fv0064|fv0070"
"Requirement|REQ","TECHNICAL","COMPLETE",314,False,False,"","","477","fv0650|fv0014|fv1031|fv1412|fv1793|fv0049|fv0064|fv0070"
"Requirement|REQ","TECHNICAL","COMPLETE",315,False,False,"","","478","fv0651|fv0014|fv1032|fv1413|fv1794|fv0049|fv0063|fv0071"
"Requirement|REQ","TECHNICAL","COMPLETE",316,False,False,"","","479","fv0652|fv0014|fv1033|fv1414|fv1795|fv0049|fv0067|fv0070"
"Requirement|REQ","TECHNICAL","COMPLETE",317,False,False,"","","480","fv0653|fv0014|fv1034|fv1415|fv1796|fv0049|fv0067|fv0070"
"Requirement|REQ","TECHNICAL","COMPLETE",318,False,False,"","","481","fv0654|fv0014|fv1035|fv1416|fv1797|fv0049|fv0063|fv0071"
"Requirement|REQ","TECHNICAL","COMPLETE",319,False,False,"","","482","fv0655|fv0014|fv1036|fv1417|fv1798|fv0049|fv0066|fv0070"
"Requirement|REQ","TECHNICAL","COMPLETE",320,False,False,"","","483","fv0656|fv0014|fv1037|fv1418|fv1799|fv0049|fv0065|fv0070"
"Requirement|REQ","TECHNICAL","COMPLETE",321,False,False,"","","484","fv0657|fv0014|fv1038|fv1419|fv1800|fv0049|fv0065|fv0070"
"Requirement|REQ","TECHNICAL","COMPLETE",322,False,False,"","","485","fv0658|fv0014|fv1039|fv1420|fv1801|fv0049|fv0063|fv0071"
"Requirement|REQ","TECHNICAL","COMPLETE",323,False,False,"","","486","fv0659|fv0014|fv1040|fv1421|fv1802|fv0049|fv0064|fv0070"
"Requirement|REQ","TECHNICAL","COMPLETE",324,False,False,"","","487","fv0660|fv0014|fv1041|fv1422|fv1803|fv0049|fv0064|fv0070"
"Requirement|REQ","TECHNICAL","COMPLETE",325,False,False,"","","489","fv0661|fv0014|fv1042|fv1423|fv1804|fv0049|fv0064|fv0070"
"Requirement|REQ","TECHNICAL","COMPLETE",326,False,False,"","","490","fv0662|fv0014|fv1043|fv1424|fv1805|fv0049|fv0063|fv0070"
"Requirement|REQ","TECHNICAL","COMPLETE",327,False,False,"","","492","fv0663|fv0014|fv1044|fv1425|fv1806|fv0049|fv0064|fv0071"
"Requirement|REQ","TECHNICAL","COMPLETE",328,False,False,"","","493","fv0664|fv0014|fv1045|fv1426|fv1807|fv0049|fv0067|fv0070"
"Requirement|REQ","TECHNICAL","COMPLETE",329,False,False,"","","503","fv0665|fv0014|fv1046|fv1427|fv1808|fv0049|fv0064|fv0070"
"Requirement|REQ","TECHNICAL","COMPLETE",330,False,False,"","","504","fv0666|fv0014|fv1047|fv1428|fv1809|fv0049|fv0066|fv0070"
"Requirement|REQ","TECHNICAL","COMPLETE",331,False,False,"","","505","fv0667|fv0014|fv1048|fv1429|fv1810|fv0049|fv0067|fv0071"
"Requirement|REQ","TECHNICAL","COMPLETE",332,False,False,"","","506","fv0668|fv0014|fv1049|fv1430|fv1811|fv0049|fv0063|fv0070"
"Requirement|REQ","TECHNICAL","COMPLETE",333,False,False,"","","491","fv0669|fv0011|fv1050|fv1431|fv1812|fv0049|fv0067|fv0070"
"Requirement|REQ","TECHNICAL","COMPLETE",334,False,False,"","","551","fv0670|fv0011|fv1051|fv1432|fv1813|fv0049|fv0064|fv0070"
"Requirement|REQ","TECHNICAL","COMPLETE",335,False,False,"","","556","fv0671|fv0011|fv1052|fv1433|fv1814|fv0049|fv0064|fv0070"
"Requirement|REQ","TECHNICAL","COMPLETE",336,False,False,"","","557","fv0672|fv0011|fv1053|fv1434|fv1815|fv0049|fv0065|fv0070"
"Requirement|REQ","TECHNICAL","COMPLETE",337,False,False,"","","558","fv0673|fv0011|fv1054|fv1435|fv1816|fv0049|fv0066|fv0071"
"Requirement|REQ","TECHNICAL","COMPLETE",338,False,False,"","","567","fv0674|fv0011|fv1055|fv1436|fv1817|fv0049|fv0066|fv0071"
"Requirement|REQ","TECHNICAL","COMPLETE",339,False,False,"","","568","fv0675|fv0011|fv1056|fv1437|fv1818|fv0049|fv0063|fv0070"
"Requirement|REQ","TECHNICAL","COMPLETE",340,False,False,"","","576","fv0676|fv0011|fv1057|fv1438|fv1819|fv0049|fv0063|fv0070"
"Requirement|REQ","TECHNICAL","COMPLETE",341,False,False,"","","577","fv0677|fv0011|fv1058|fv1439|fv1820|fv0049|fv0065|fv0070"
"Requirement|REQ","TECHNICAL","COMPLETE",342,False,False,"","","602","fv0678|fv0011|fv1059|fv1440|fv1821|fv0049|fv0065|fv0070"
"Requirement|REQ","TECHNICAL","COMPLETE",343,False,False,"","","614","fv0679|fv0011|fv1060|fv1441|fv1822|fv0049|fv0064|fv0070"
"Requirement|REQ","TECHNICAL","COMPLETE",344,False,False,"","","615","fv0680|fv0011|fv1061|fv1442|fv1823|fv0049|fv0063|fv0071"
"Requirement|REQ","TECHNICAL","COMPLETE",345,False,False,"","","652","fv0681|fv0011|fv1062|fv1443|fv1824|fv0049|fv0063|fv0070"
"Requirement|REQ","TECHNICAL","COMPLETE",346,False,False,"","","494","fv0682|fv0013|fv1063|fv1444|fv1825|fv0049|fv0064|fv0071"
"Requirement|REQ","TECHNICAL","COMPLETE",347,False,False,"","","495","fv0683|fv0013|fv1064|fv1445|fv1826|fv0049|fv0065|fv0070"
"Requirement|REQ","TECHNICAL","COMPLETE",348,False,False,"","","496","fv0684|fv0013|fv1065|fv1446|fv1827|fv0049|fv0064|fv0070"
"Requirement|REQ","TECHNICAL","COMPLETE",349,False,False,"","","497","fv0685|fv0013|fv1066|fv1447|fv1828|fv0049|fv0063|fv0070"
"Requirement|REQ","TECHNICAL","COMPLETE",350,False,False,"","","498","fv0686|fv0013|fv1067|fv1448|fv1829|fv0049|fv0065|fv0071"
"Requirement|REQ","TECHNICAL","COMPLETE",351,False,False,"","","499","fv0687|fv0013|fv1068|fv1449|fv1830|fv0049|fv0065|fv0070"
"Requirement|REQ","TECHNICAL","COMPLETE",352,False,False,"","","500","fv0688|fv0013|fv1069|fv1450|fv1831|fv0049|fv0066|fv0070"
"Requirement|REQ","TECHNICAL","COMPLETE",353,False,False,"","","501","fv0689|fv0013|fv1070|fv1451|fv1832|fv0049|fv0067|fv0071"
"Requirement|REQ","TECHNICAL","COMPLETE",354,False,False,"","","502","fv0690|fv0013|fv1071|fv1452|fv1833|fv0049|fv0065|fv0070"
"Requirement|REQ","TECHNICAL","COMPLETE",355,False,False,"","","508","fv0691|fv0023|fv1072|fv1453|fv1834|fv0049|fv0065|fv0071"
"Requirement|REQ","TECHNICAL","COMPLETE",356,False,False,"","","509","fv0692|fv0023|fv1073|fv1454|fv1835|fv0049|fv0065|fv0070"
"Requirement|REQ","TECHNICAL","COMPLETE",357,False,False,"","","510","fv0693|fv0023|fv1074|fv1455|fv1836|fv0049|fv0064|fv0070"
"Requirement|REQ","TECHNICAL","COMPLETE",358,False,False,"","","511","fv0694|fv0023|fv1075|fv1456|fv1837|fv0049|fv0064|fv0070"
"Requirement|REQ","TECHNICAL","COMPLETE",359,False,False,"","","512","fv0695|fv0023|fv1076|fv1457|fv1838|fv0049|fv0063|fv0071"
"Requirement|REQ","TECHNICAL","COMPLETE",360,False,False,"","","513","fv0696|fv0023|fv1077|fv1458|fv1839|fv0049|fv0063|fv0070"
"Requirement|REQ","TECHNICAL","COMPLETE",361,False,False,"","","514","fv0697|fv0023|fv1078|fv1459|fv1840|fv0049|fv0067|fv0070"
"Requirement|REQ","TECHNICAL","COMPLETE",362,False,False,"","","515","fv0698|fv0023|fv1079|fv1460|fv1841|fv0049|fv0067|fv0071"
"Requirement|REQ","TECHNICAL","COMPLETE",363,False,False,"","","516","fv0699|fv0023|fv1080|fv1461|fv1842|fv0049|fv0064|fv0070"
"Requirement|REQ","TECHNICAL","COMPLETE",364,False,False,"","","517","fv0700|fv0023|fv1081|fv1462|fv1843|fv0049|fv0064|fv0070"
"Requirement|REQ","TECHNICAL","COMPLETE",365,False,False,"","","519","fv0701|fv0023|fv1082|fv1463|fv1844|fv0049|fv0066|fv0071"
"Requirement|REQ","TECHNICAL","COMPLETE",366,False,False,"","","671","fv0702|fv0023|fv1083|fv1464|fv1845|fv0049|fv0066|fv0070"
"Requirement|REQ","TECHNICAL","COMPLETE",367,False,False,"","","716","fv0703|fv0023|fv1084|fv1465|fv1846|fv0049|fv0066|fv0070"
"Requirement|REQ","TECHNICAL","COMPLETE",368,False,False,"","","717","fv0704|fv0023|fv1085|fv1466|fv1847|fv0049|fv0066|fv0070"
"Requirement|REQ","TECHNICAL","COMPLETE",369,False,False,"","","718","fv0705|fv0023|fv1086|fv1467|fv1848|fv0049|fv0064|fv0071"
"Requirement|REQ","TECHNICAL","COMPLETE",370,False,False,"","","719","fv0706|fv0023|fv1087|fv1468|fv1849|fv0049|fv0066|fv0070"
"Requirement|REQ","TECHNICAL","COMPLETE",371,False,False,"","","720","fv0707|fv0023|fv1088|fv1469|fv1850|fv0049|fv0066|fv0070"
"Requirement|REQ","TECHNICAL","COMPLETE",372,False,False,"","","721","fv0708|fv0023|fv1089|fv1470|fv1851|fv0049|fv0064|fv0071"
"Requirement|REQ","TECHNICAL","COMPLETE",373,False,False,"","","722","fv0709|fv0023|fv1090|fv1471|fv1852|fv0049|fv0065|fv0070"
"Requirement|REQ","TECHNICAL","COMPLETE",374,False,False,"","","723","fv0710|fv0023|fv1091|fv1472|fv1853|fv0049|fv0066|fv0070"
"Requirement|REQ","TECHNICAL","COMPLETE",375,False,False,"","","724","fv0711|fv0023|fv1092|fv1473|fv1854|fv0049|fv0067|fv0070"
"Requirement|REQ","TECHNICAL","COMPLETE",376,False,False,"","","725","fv0712|fv0023|fv1093|fv1474|fv1855|fv0049|fv0067|fv0071"
"Requirement|REQ","TECHNICAL","COMPLETE",377,False,False,"","","726","fv0713|fv0023|fv1094|fv1475|fv1856|fv0049|fv0067|fv0071"
"Requirement|REQ","TECHNICAL","COMPLETE",378,False,False,"","","727","fv0714|fv0023|fv1095|fv1476|fv1857|fv0049|fv0067|fv0070"
"Requirement|REQ","TECHNICAL","COMPLETE",379,False,False,"","","728","fv0715|fv0023|fv1096|fv1477|fv1858|fv0049|fv0065|fv0071"
"Requirement|REQ","TECHNICAL","COMPLETE",380,False,False,"","","729","fv0716|fv0023|fv1097|fv1478|fv1859|fv0049|fv0064|fv0071"
